,id,name,amenity,geometry
0,331522003,bule-bar,cafe,POINT (-58.5057209 -34.6395072)
1,340141702,Café Tortoni,cafe,POINT (-58.3781432 -34.6086934)
2,440909033,Dulce Hora,cafe,POINT (-58.5241588 -34.6342214)
3,668331794,Café La Biela,cafe,POINT (-58.3908251 -34.5878729)
4,724259206,La Veneciana,cafe,POINT (-58.3649969 -34.6207201)
5,724607071,Tienda,cafe,POINT (-58.3997708 -34.5919425)
6,790044352,La Molienda,cafe,POINT (-58.3838451 -34.6036904)
7,794146720,Tostado,cafe,POINT (-58.4629118 -34.5415316)
8,876504528,Tolón,cafe,POINT (-58.4100666 -34.5892488)
9,905690272,Café Martínez,cafe,POINT (-58.4226197 -34.5807766)
10,915725481,Havanna,cafe,POINT (-58.3793759 -34.603727)
11,917426459,Café Havanna,cafe,POINT (-58.3802608 -34.5988632)
12,1042029873,N/A,cafe,POINT (-58.3991995 -34.707759)
13,1107970180,Café Martínez,cafe,POINT (-58.3925363 -34.6033081)
14,1107970184,Starbucks,cafe,POINT (-58.392943 -34.6007107)
15,1108412282,Los Arcos,cafe,POINT (-58.3931478 -34.5991995)
16,1109818961,The Coffee Store,cafe,POINT (-58.3936269 -34.6042479)
17,1112458099,Havanna,cafe,POINT (-58.3913963 -34.5994206)
18,1112458168,Paluchino,cafe,POINT (-58.3939689 -34.6046119)
19,1112458251,Teatro La Casona,cafe,POINT (-58.3946034 -34.6043595)
20,1112458300,El Cafe de Tomás,cafe,POINT (-58.3941461 -34.6033143)
21,1112460092,El Gallego,cafe,POINT (-58.4555047 -34.5869693)
22,1114122393,Priamo,cafe,POINT (-58.3954415 -34.6041986)
23,1134640757,Mar Azul,cafe,POINT (-58.3910932 -34.6020026)
24,1134640775,Establecimiento General de Café,cafe,POINT (-58.3913207 -34.602993)
25,1134640824,Sophia,cafe,POINT (-58.3914472 -34.6020429)
26,1144062579,Cafe Martinez,cafe,POINT (-58.3976695 -34.5970828)
27,1144062583,Posta,cafe,POINT (-58.3986527 -34.5969743)
28,1144062584,Havanna,cafe,POINT (-58.397252 -34.5984792)
29,1144102363,Open 25 hs!,cafe,POINT (-58.3989887 -34.59695)
30,1144102366,Evaristo,cafe,POINT (-58.3989311 -34.5968987)
31,1144739956,Noticias del Dia,cafe,POINT (-58.3905445 -34.599721)
32,1144740000,Actitud,cafe,POINT (-58.3902897 -34.5996989)
33,1144740072,Cafecito,cafe,POINT (-58.3916471 -34.5971151)
34,1146277386,Bonafide,cafe,POINT (-58.3930897 -34.5953264)
35,1146277415,Import coffee,cafe,POINT (-58.3930397 -34.5949136)
36,1156619000,Bonafide,cafe,POINT (-58.5185375 -34.5853533)
37,1161502201,Café Martínez,cafe,POINT (-58.4406124 -34.5653361)
38,1164350008,Antaño,cafe,POINT (-58.4465374 -34.568147)
39,1215523548,Capitol,cafe,POINT (-58.3900435 -34.596036)
40,1246509143,Café Martínez,cafe,POINT (-58.3961986 -34.5995836)
41,1261495656,Persicco,cafe,POINT (-58.3941962 -34.5937688)
42,1265853754,Starbucks,cafe,POINT (-58.4290266 -34.615254)
43,1282173583,El Socorro,cafe,POINT (-58.3799497 -34.5927569)
44,1306205518,Lidoro,cafe,POINT (-58.4507013 -34.5526662)
45,1372546209,Starbucks,cafe,POINT (-58.3840529 -34.5890623)
46,1376375932,Starbucks,cafe,POINT (-58.3647946 -34.6011625)
47,1385371315,Bonafide,cafe,POINT (-58.4531703 -34.6251347)
48,1385371325,Bonafide,cafe,POINT (-58.4551837 -34.626242)
49,1402321506,El Podio,cafe,POINT (-58.4386542 -34.6353826)
50,1402323286,Starbucks,cafe,POINT (-58.4341737 -34.61711)
51,1402327978,Café Martínez,cafe,POINT (-58.4409753 -34.6227272)
52,1402331442,Café Martínez,cafe,POINT (-58.4349038 -34.6174321)
53,1432280610,Café Martinez,cafe,POINT (-58.3989858 -34.6098259)
54,1435016189,Havanna,cafe,POINT (-58.3919265 -34.5948876)
55,1456348673,Café Martínez,cafe,POINT (-58.3705069 -34.6128501)
56,1458010934,Martinique,cafe,POINT (-58.3886703 -34.5952701)
57,1465488390,De Simone,cafe,POINT (-58.4892691 -34.5350417)
58,1490042318,Café Martínez,cafe,POINT (-58.3911383 -34.5962856)
59,1490090367,Caffé Doge,cafe,POINT (-58.4754536 -34.5801618)
60,1641965128,Josephina's,cafe,POINT (-58.3870083 -34.5927039)
61,1643890132,Caffe Vergnano,cafe,POINT (-58.3754751 -34.5988566)
62,1643890477,Florida Garden,cafe,POINT (-58.3753034 -34.5975906)
63,1643902714,La Poesía,cafe,POINT (-58.3732151 -34.6161286)
64,1643913460,Las Violetas,cafe,POINT (-58.4209167 -34.6112744)
65,1677923078,N/A,cafe,POINT (-58.4179239 -34.5548977)
66,1678457027,Starbucks,cafe,POINT (-58.3864648 -34.6029142)
67,1678467232,Café Martínez,cafe,POINT (-58.3864393 -34.6034032)
68,1678492526,Establecimiento General de Café,cafe,POINT (-58.3882153 -34.6030585)
69,1678504211,Starbucks,cafe,POINT (-58.3909321 -34.6045)
70,1680182739,Café Martínez,cafe,POINT (-58.4386488 -34.5996401)
71,1681536046,La Diva,cafe,POINT (-58.3919368 -34.7080034)
72,1701703788,Havanna,cafe,POINT (-58.3932204 -34.7079163)
73,1707084126,Nucha,cafe,POINT (-58.3886962 -34.592659)
74,1707514899,Le Blé,cafe,POINT (-58.4546435 -34.5791052)
75,1719003358,Starbucks,cafe,POINT (-58.410134 -34.602938)
76,1821534346,Starbucks,cafe,POINT (-58.4440623 -34.5706087)
77,1821534888,Starbucks,cafe,POINT (-58.4439128 -34.5687528)
78,1840700579,Starbucks,cafe,POINT (-58.3931285 -34.5960623)
79,1925726820,Pain du Jour,cafe,POINT (-58.4135359 -34.5933064)
80,2011840989,Café Martínez,cafe,POINT (-58.3817837 -34.6165922)
81,2011881289,N/A,cafe,POINT (-58.4892354 -34.5712899)
82,2011933328,Bar Conde,cafe,POINT (-58.4495217 -34.5777767)
83,2020723437,N/A,cafe,POINT (-58.4868128 -34.555068)
84,2038426438,Bar Británico,cafe,POINT (-58.3709659 -34.6252644)
85,2038426439,El Hipopótamo,cafe,POINT (-58.3712379 -34.6252776)
86,2067469261,Santillo,cafe,POINT (-58.4425686 -34.5712944)
87,2072689954,Starbucks,cafe,POINT (-58.3760604 -34.5932017)
88,2074844644,Tienda de Café,cafe,POINT (-58.3764764 -34.6032494)
89,2075053216,Tienda de Café,cafe,POINT (-58.377574 -34.6086284)
90,2075062352,Import,cafe,POINT (-58.3801586 -34.6091157)
91,2075595513,Bar Dorrego,cafe,POINT (-58.371309 -34.620613)
92,2075595605,Starbucks,cafe,POINT (-58.3713217 -34.6207313)
93,2085730095,Starbucks,cafe,POINT (-58.3748359 -34.6079344)
94,2086715081,Petit Bon Bon,cafe,POINT (-58.4136773 -34.5948006)
95,2092298114,Tienda de Café,cafe,POINT (-58.4564669 -34.5603555)
96,2104323883,Havanna,cafe,POINT (-58.4529829 -34.5600319)
97,2115076831,La Panadería,cafe,POINT (-58.4246819 -34.5793967)
98,2132671071,Trama,cafe,POINT (-58.456534 -34.5606025)
99,2132673167,Rox,cafe,POINT (-58.4708917 -34.5458208)
100,2135016618,Faricci,cafe,POINT (-58.4129553 -34.5856719)
101,2135031236,Piacere,cafe,POINT (-58.4109932 -34.5853594)
102,2135080660,Tienda de café,cafe,POINT (-58.4135386 -34.5834747)
103,2142825900,Café Martínez,cafe,POINT (-58.3827425 -34.60298)
104,2142825906,Bonafide,cafe,POINT (-58.3877255 -34.6042559)
105,2147911078,Faricci,cafe,POINT (-58.4475126 -34.5748027)
106,2153013030,Colette,cafe,POINT (-58.3923193 -34.5837567)
107,2175216097,Havanna,cafe,POINT (-58.4570278 -34.5635309)
108,2179910085,Küne,cafe,POINT (-58.4747843 -34.5417384)
109,2199806368,Havanna,cafe,POINT (-58.4468063 -34.5580169)
110,2199807169,Quo Vadis,cafe,POINT (-58.4525996 -34.5592601)
111,2199808430,Havanna,cafe,POINT (-58.4622096 -34.5561635)
112,2211568531,Coppelia,cafe,POINT (-58.4515187 -34.5545687)
113,2211874248,Lo de Guille,cafe,POINT (-58.4511459 -34.5549628)
114,2213105442,Downtown Deli,cafe,POINT (-58.4555695 -34.5649173)
115,2213105444,Crisol,cafe,POINT (-58.4558665 -34.5645275)
116,2229510688,Sweetly,cafe,POINT (-58.4044184 -34.5910721)
117,2253878081,Central Pan,cafe,POINT (-58.4596368 -34.555474)
118,2253880287,Café Sur,cafe,POINT (-58.4614813 -34.5551338)
119,2253887649,Frida,cafe,POINT (-58.4683207 -34.5491552)
120,2259136187,Lately,cafe,POINT (-58.4476867 -34.5586693)
121,2259163418,Ristretto,cafe,POINT (-58.4098452 -34.589042)
122,2259164773,Café Martínez,cafe,POINT (-58.4484579 -34.5679373)
123,2261736940,Sucre,cafe,POINT (-58.4519996 -34.5622275)
124,2266519440,Moisha,cafe,POINT (-58.3983414 -34.5896989)
125,2266519443,Mooi,cafe,POINT (-58.398193 -34.5894525)
126,2276890198,Broa,cafe,POINT (-58.4773047 -34.5428275)
127,2276890431,Madrid,cafe,POINT (-58.4625442 -34.5558497)
128,2276927125,La Tolva,cafe,POINT (-58.4037653 -34.5941789)
129,2279653168,Café del Doge,cafe,POINT (-58.4612224 -34.5562999)
130,2286733390,La Tolva,cafe,POINT (-58.4376375 -34.6141223)
131,2294953082,Bien de Bien,cafe,POINT (-58.5010211 -34.5922889)
132,2294955734,Centro de Estudiantes,cafe,POINT (-58.4790282 -34.5944912)
133,2294956107,N/A,cafe,POINT (-58.4786153 -34.5951979)
134,2299673342,Bar - Café - Minutas,cafe,POINT (-58.4365953 -34.5983127)
135,2299878034,Balcarce,cafe,POINT (-58.4391568 -34.5986955)
136,2299878037,T'Cocino,cafe,POINT (-58.4392783 -34.598577)
137,2302763541,Café Martínez,cafe,POINT (-58.376281 -34.6085321)
138,2309602891,Nobiru,cafe,POINT (-58.4500166 -34.5564981)
139,2322582296,Starbucks,cafe,POINT (-58.4495541 -34.5548239)
140,2330051490,Bonafide,cafe,POINT (-58.4053513 -34.5901538)
141,2330170840,Café San Miguel,cafe,POINT (-58.4013697 -34.5926945)
142,2354862735,Tienda de Café,cafe,POINT (-58.4792363 -34.5791354)
143,2366177608,Havanna,cafe,POINT (-58.4004573 -34.5900157)
144,2366184711,Starbucks,cafe,POINT (-58.4004978 -34.5908132)
145,2386495800,Mc Nor,cafe,POINT (-58.4131479 -34.5835055)
146,2397658437,Cigar Point,cafe,POINT (-58.464214 -34.5534868)
147,2403047986,Starbucks,cafe,POINT (-58.4830146 -34.5765955)
148,2409387666,Súper Wok,cafe,POINT (-58.4665391 -34.5398232)
149,2426205468,Café Martínez,cafe,POINT (-58.4779452 -34.5343046)
150,2434259448,Café Martínez,cafe,POINT (-58.3705038 -34.6127707)
151,2448333883,New Coffe,cafe,POINT (-58.4648173 -34.5535288)
152,2452509563,La Unión,cafe,POINT (-58.4776892 -34.5630988)
153,2466174608,Confitería del Botánico,cafe,POINT (-58.4165211 -34.5845953)
154,2466174625,Havanna,cafe,POINT (-58.409514 -34.5896936)
155,2470336633,Delicity,cafe,POINT (-58.4613797 -34.564962)
156,2470337309,Diva,cafe,POINT (-58.4587347 -34.5615355)
157,2472966373,Havanna,cafe,POINT (-58.3713222 -34.6204833)
158,2472966374,Iceland,cafe,POINT (-58.371524 -34.6207571)
159,2472966380,Café del Arbol,cafe,POINT (-58.3717402 -34.6207335)
160,2489471291,Il Vecchio,cafe,POINT (-58.4528916 -34.5641936)
161,2511119724,Café Martínez,cafe,POINT (-58.4512179 -34.5632029)
162,2511119725,Havanna,cafe,POINT (-58.4514298 -34.5633359)
163,2533704008,Starbucks,cafe,POINT (-58.4885486 -34.5460471)
164,2554648405,Bar Seddon,cafe,POINT (-58.3718043 -34.6159225)
165,2567416378,Fileteados Porteños Club de Café,cafe,POINT (-58.3716368 -34.6196227)
166,2578935198,Te adoro García,cafe,POINT (-58.4488591 -34.5744074)
167,2588555416,Tienda de Café,cafe,POINT (-58.4735682 -34.5441764)
168,2601183851,Romero,cafe,POINT (-58.4611396 -34.6206299)
169,2620216029,Coffee town,cafe,POINT (-58.3726074 -34.6192881)
170,2621157048,La Dignidas,cafe,POINT (-58.4321274 -34.6016614)
171,2643722218,Musel,cafe,POINT (-58.38007 -34.618552)
172,2654314478,Jimbo,cafe,POINT (-58.4239988 -34.6026924)
173,2665183488,Cabildo de Buenos Aires,cafe,POINT (-58.3747462 -34.6090577)
174,2703921839,Tostado,cafe,POINT (-58.4613251 -34.5570664)
175,2704874881,Biblos,cafe,POINT (-58.3841707 -34.5957102)
176,2709811222,Café de los Angelitos,cafe,POINT (-58.3961548 -34.6096157)
177,2711072591,Café Martínez,cafe,POINT (-58.4215743 -34.5976088)
178,2711078138,La Tolva,cafe,POINT (-58.4158075 -34.5977458)
179,2711118962,Tienda de Café,cafe,POINT (-58.403851 -34.5982321)
180,2716263398,Havanna,cafe,POINT (-58.3748859 -34.5993038)
181,2720197394,Nonna Bianca,cafe,POINT (-58.3719253 -34.6184248)
182,2722427892,Pride Café,cafe,POINT (-58.3702855 -34.6178752)
183,2729149195,Fayer,cafe,POINT (-58.4200879 -34.5761646)
184,2734380699,Pista Urbana,cafe,POINT (-58.3758005 -34.6182619)
185,2734408318,La Peruana,cafe,POINT (-58.3759144 -34.6186767)
186,2745892941,Marula,cafe,POINT (-58.4035857 -34.6380663)
187,2778811554,La Barcelonesa,cafe,POINT (-58.4126233 -34.5936309)
188,2791239050,Starbucks,cafe,POINT (-58.4105232 -34.5809342)
189,2791606749,Starbucks,cafe,POINT (-58.4062332 -34.5778443)
190,2791678440,Simona,cafe,POINT (-58.4139042 -34.5815947)
191,2791688633,Almacen de Pizzas,cafe,POINT (-58.4119747 -34.5794421)
192,2795178969,N/A,cafe,POINT (-58.4148743 -34.5947371)
193,2815883793,Bonafide,cafe,POINT (-58.4542181 -34.5652233)
194,2824810082,Los Corrales,cafe,POINT (-58.4047788 -34.6409065)
195,2828217449,Café Dalí,cafe,POINT (-58.3797667 -34.6090745)
196,2829116973,Halina,cafe,POINT (-58.4125841 -34.5839022)
197,2836336906,Cafe Tabac,cafe,POINT (-58.4045784 -34.580932)
198,2840991015,Zas!,cafe,POINT (-58.4815887 -34.630295)
199,2873898915,The Coffee Store,cafe,POINT (-58.4272879 -34.6150944)
200,2874895260,Bonafide,cafe,POINT (-58.4676909 -34.5499338)
201,2876275457,Gratto,cafe,POINT (-58.419366 -34.6035185)
202,2906569036,Starbucks,cafe,POINT (-58.3624959 -34.6106599)
203,2920151701,The Coffee Store,cafe,POINT (-58.473786 -34.5626031)
204,2924015901,Brioche Dorée,cafe,POINT (-58.3752375 -34.6073044)
205,2924015902,Tobas Café,cafe,POINT (-58.3753024 -34.6072749)
206,2924016001,Coffee Haus,cafe,POINT (-58.375357 -34.6072404)
207,2928700601,Havanna,cafe,POINT (-58.4217556 -34.5813483)
208,2934332602,N/A,cafe,POINT (-58.4537479 -34.5639334)
209,2940519201,Café Martínez,cafe,POINT (-58.3931962 -34.5990537)
210,2948320041,Petit Colón,cafe,POINT (-58.3836939 -34.6024591)
211,2948320437,La biblioteca cafe,cafe,POINT (-58.383604 -34.5967591)
212,2948320439,N/A,cafe,POINT (-58.3854275 -34.6014824)
213,2956317871,Havanna,cafe,POINT (-58.3743342 -34.5945829)
214,2969577068,Café de Quartier,cafe,POINT (-58.405255 -34.5917636)
215,2969577079,Go in!,cafe,POINT (-58.4037252 -34.5905741)
216,2971999539,Pain Du Jour,cafe,POINT (-58.3845772 -34.6131854)
217,2975678709,La Torre de Retiro,cafe,POINT (-58.3759739 -34.5926752)
218,2979426833,Bracia,cafe,POINT (-58.4521366 -34.5579826)
219,2998119667,Cafe Bar,cafe,POINT (-58.368476 -34.6219097)
220,2998119683,Alma,cafe,POINT (-58.3743953 -34.5909435)
221,3003582623,Green Eat,cafe,POINT (-58.4533501 -34.5653126)
222,3003600033,Orzo,cafe,POINT (-58.4580061 -34.5688026)
223,3013495944,Ameno,cafe,POINT (-58.4555921 -34.5667783)
224,3039995178,Establecimiento General de Café,cafe,POINT (-58.3862009 -34.6015251)
225,3054593533,Café Martínez,cafe,POINT (-58.405072 -34.597917)
226,3054645550,La Cigüeña,cafe,POINT (-58.400139 -34.596706)
227,3054679742,Tostado,cafe,POINT (-58.4500035 -34.5536931)
228,3059902733,Guber,cafe,POINT (-58.3985508 -34.5886584)
229,3060432533,Señor Café,cafe,POINT (-58.4158273 -34.5965754)
230,3060432633,Dojo,cafe,POINT (-58.4160133 -34.5965633)
231,3061558889,Corto Maltés,cafe,POINT (-58.4149295 -34.5957262)
232,3062527033,Casa,cafe,POINT (-58.4128765 -34.5937454)
233,3067226541,La Nueva Ola,cafe,POINT (-58.4004449 -34.5968739)
234,3071131534,La Tolva,cafe,POINT (-58.4102668 -34.5908542)
235,3080522720,LAB New American Cuisine & Coffee Shop,cafe,POINT (-58.436885 -34.586002)
236,3091645169,Starbucks,cafe,POINT (-58.4006001 -34.5997149)
237,3091657765,Havanna,cafe,POINT (-58.4007909 -34.5996913)
238,3101216711,Starbucks,cafe,POINT (-58.3748117 -34.6125579)
239,3102518331,Una Pausa,cafe,POINT (-58.4019061 -34.5977137)
240,3106307529,Isabella,cafe,POINT (-58.4082844 -34.5867653)
241,3111491230,Puerto Café,cafe,POINT (-58.4215405 -34.5973421)
242,3116612203,Olleros,cafe,POINT (-58.4427262 -34.5693313)
243,3124542629,La Fonte D'Oro,cafe,POINT (-58.415764 -34.5889609)
244,3124920368,All Saints Café,cafe,POINT (-58.4593254 -34.5608459)
245,3132292529,Musetta,cafe,POINT (-58.4150827 -34.5996355)
246,3132406810,Café Altares,cafe,POINT (-58.4707943 -34.5521612)
247,3166539561,Cafiolo,cafe,POINT (-58.377855 -34.609484)
248,3167945387,Tostado,cafe,POINT (-58.380066 -34.5950926)
249,3173776103,Muntama,cafe,POINT (-58.4576636 -34.5624421)
250,3173864687,Gros Café,cafe,POINT (-58.381355 -34.5940492)
251,3173864885,Divine Budin,cafe,POINT (-58.3805435 -34.5940079)
252,3175868061,Rondas,cafe,POINT (-58.3732237 -34.6160193)
253,3179550393,Starbucks,cafe,POINT (-58.3660725 -34.610741)
254,3181391961,Cayena,cafe,POINT (-58.3804617 -34.5966947)
255,3181392364,Arkakaó,cafe,POINT (-58.386776 -34.5910372)
256,3182216504,Havanna,cafe,POINT (-58.4437081 -34.5641146)
257,3183375061,Confitera Saint Moritz,cafe,POINT (-58.3784499 -34.5976922)
258,3183377462,Cafe Lumiere,cafe,POINT (-58.3843004 -34.5974447)
259,3183660261,Café Martínez,cafe,POINT (-58.3804456 -34.5954334)
260,3184669861,Ditali,cafe,POINT (-58.3769939 -34.5975317)
261,3188334965,Starbucks,cafe,POINT (-58.4366932 -34.5677712)
262,3194505167,Virgilio,cafe,POINT (-58.4374718 -34.5976796)
263,3205426273,Distal Cafe,cafe,POINT (-58.392621 -34.5890031)
264,3205426298,Ninina Malba,cafe,POINT (-58.4036099 -34.5769939)
265,3238467081,Tienda de Café,cafe,POINT (-58.4416657 -34.6267412)
266,3238661005,Café Martínez,cafe,POINT (-58.4461246 -34.626079)
267,3243846432,Havanna,cafe,POINT (-58.4263081 -34.57904)
268,3243846439,Le Pain Quotidien,cafe,POINT (-58.4284792 -34.5809)
269,3243910761,The Coffe Store,cafe,POINT (-58.4387682 -34.5638718)
270,3257422561,La Barrera 1980,cafe,POINT (-58.4325868 -34.5807214)
271,3259168331,Bonafide,cafe,POINT (-58.4277214 -34.6060548)
272,3259168332,Café Martínez,cafe,POINT (-58.4254724 -34.6058211)
273,3259168333,Havanna,cafe,POINT (-58.4262542 -34.6057988)
274,3259168335,Vademecum Café,cafe,POINT (-58.4253399 -34.6058242)
275,3273659161,El Gato Negro,cafe,POINT (-58.3903518 -34.6041451)
276,3273682964,Starbucks,cafe,POINT (-58.3915493 -34.5859655)
277,3273700461,Pani,cafe,POINT (-58.3936026 -34.5892298)
278,3345974714,El Podio,cafe,POINT (-58.4294877 -34.6275211)
279,3346203790,Bonafide,cafe,POINT (-58.4383853 -34.6260227)
280,3368460297,Starbucks,cafe,POINT (-58.4207825 -34.56973)
281,3404451950,Viccenzo Helado & Café,cafe,POINT (-58.4802821 -34.5306506)
282,3416791033,Starbucks,cafe,POINT (-58.4258116 -34.5896775)
283,3416796206,Café Martínez,cafe,POINT (-58.4254884 -34.589307)
284,3416796207,Havanna,cafe,POINT (-58.4265404 -34.5887736)
285,3427843193,Ol'days,cafe,POINT (-58.3633935 -34.6111971)
286,3435754691,Havanna,cafe,POINT (-58.3819546 -34.5901403)
287,3435791198,Havanna,cafe,POINT (-58.3805914 -34.6067193)
288,3455724593,Traiano,cafe,POINT (-58.4043095 -34.586329)
289,3482789383,Erre,cafe,POINT (-58.4246854 -34.5851815)
290,3513155624,Suit Suit,cafe,POINT (-58.4539826 -34.551344)
291,3515699001,Módena,cafe,POINT (-58.4317415 -34.5789712)
292,3531392343,Ispica,cafe,POINT (-58.4289492 -34.5867189)
293,3556948599,Donato,cafe,POINT (-58.4329058 -34.5759062)
294,3556979093,Animalito Café,cafe,POINT (-58.4370889 -34.5738487)
295,3575666513,Rita Cafe,cafe,POINT (-58.428205 -34.590179)
296,3577244926,Rebelión,cafe,POINT (-58.427216 -34.5881589)
297,3600510122,Starbucks,cafe,POINT (-58.4359883 -34.5845677)
298,3611226742,Havanna,cafe,POINT (-58.4057852 -34.6368365)
299,3612822511,Trigal,cafe,POINT (-58.4341462 -34.5744391)
300,3641671993,Congreso Plaza,cafe,POINT (-58.3876745 -34.6101568)
301,3641671997,Las medialunas del Abuelo,cafe,POINT (-58.3863117 -34.6098946)
302,3644499923,Tiempos de Café,cafe,POINT (-58.4316644 -34.5690148)
303,3657604633,Montecarlo,cafe,POINT (-58.4337782 -34.5770333)
304,3675464868,Rio Cafe Bar,cafe,POINT (-58.4320517 -34.6038471)
305,3675631645,Tea Connection,cafe,POINT (-58.4568761 -34.5598912)
306,3679567025,Starbucks,cafe,POINT (-58.385841 -34.5958416)
307,3703854080,Starbucks,cafe,POINT (-58.3738113 -34.6063487)
308,3703859253,Pani,cafe,POINT (-58.3742158 -34.5997069)
309,3729723419,La Delizie,cafe,POINT (-58.4619044 -34.5565141)
310,3736842364,Snackbar,cafe,POINT (-58.3987651 -34.6316957)
311,3743593429,Café Martínez,cafe,POINT (-58.4552817 -34.631955)
312,3751761641,Don Blanco,cafe,POINT (-58.5203525 -34.6277517)
313,3765414358,Todo Kiosco,cafe,POINT (-58.4511766 -34.5669479)
314,3767790054,Hora Libre,cafe,POINT (-58.4159484 -34.5872419)
315,3789145354,Tirrenia,cafe,POINT (-58.453149 -34.5597858)
316,3795704746,Pani,cafe,POINT (-58.4381284 -34.5781921)
317,3795745293,Adorado,cafe,POINT (-58.4359424 -34.5797785)
318,3805664470,Felicidad,cafe,POINT (-58.4279306 -34.5886586)
319,3805736458,My Place,cafe,POINT (-58.4229242 -34.5774677)
320,3805736459,Bruna,cafe,POINT (-58.4223211 -34.5773299)
321,3808561912,Bonafide,cafe,POINT (-58.5175857 -34.6118425)
322,3808561917,Starbucks,cafe,POINT (-58.518008 -34.6114478)
323,3808561920,The Coffe Store,cafe,POINT (-58.5173933 -34.6117367)
324,3808581687,Cafe Boccazzi,cafe,POINT (-58.43723 -34.567865)
325,3810179958,Chips Cafe,cafe,POINT (-58.4036433 -34.5742315)
326,3810179975,Starbucks,cafe,POINT (-58.4036113 -34.5739481)
327,3814467297,Café Palacio,cafe,POINT (-58.4536816 -34.5843806)
328,3814813810,Sancho,cafe,POINT (-58.3482254 -34.6770497)
329,3817032993,Café Martínez,cafe,POINT (-58.3941173 -34.5890047)
330,3817032996,Starbucks,cafe,POINT (-58.3936911 -34.5891711)
331,3824251751,Havanna,cafe,POINT (-58.375365 -34.608488)
332,3837419043,Confitería,cafe,POINT (-58.5074826 -34.5896795)
333,3842039284,Havanna,cafe,POINT (-58.4450693 -34.5696461)
334,3855257503,Calypso,cafe,POINT (-58.38028 -34.613807)
335,3882750963,Spot,cafe,POINT (-58.3985562 -34.5859717)
336,3891039237,Havanna,cafe,POINT (-58.3812923 -34.6282858)
337,3892102628,La Cerrajeria,cafe,POINT (-58.4591089 -34.6234167)
338,3933985601,Giuseppe Helados & Café,cafe,POINT (-58.4376546 -34.634847)
339,3936618609,Intanto,cafe,POINT (-58.4421936 -34.5923858)
340,3979721653,La Junta de 1810,cafe,POINT (-58.3755556 -34.6084991)
341,4012943004,Starbucks,cafe,POINT (-58.4606855 -34.5577608)
342,4015133875,Café Martínez,cafe,POINT (-58.3911846 -34.6136516)
343,4015133877,Ebro: Restaurant Bar,cafe,POINT (-58.3914915 -34.6136649)
344,4045892028,Le Blé,cafe,POINT (-58.4501834 -34.5664043)
345,4053282436,Delicity,cafe,POINT (-58.4382232 -34.5632256)
346,4053283316,Maru Botana,cafe,POINT (-58.44193 -34.5690122)
347,4053283390,Mos,cafe,POINT (-58.442628 -34.5623599)
348,4055213841,Le Blé,cafe,POINT (-58.4525692 -34.5507097)
349,4058276774,Persicco,cafe,POINT (-58.3906808 -34.5877052)
350,4067052136,Sr. Manfredi,cafe,POINT (-58.477833 -34.5356747)
351,4089940881,Relax III,cafe,POINT (-58.3733237 -34.611313)
352,4095729692,Starbucks,cafe,POINT (-58.4141056 -34.5865515)
353,4103920642,Dulce Buenos Aires,cafe,POINT (-58.4603404 -34.5754658)
354,4119204909,Plaz,cafe,POINT (-58.4498515 -34.5545417)
355,4119204914,Starbucks,cafe,POINT (-58.4453863 -34.5596973)
356,4119205871,Méli Mélo,cafe,POINT (-58.4476868 -34.5570059)
357,4128775309,Tienda de Café,cafe,POINT (-58.3934887 -34.5960245)
358,4141058157,Pinot,cafe,POINT (-58.4167544 -34.5898363)
359,4143270062,Rotondo,cafe,POINT (-58.4133204 -34.5785654)
360,4145308841,Encuentros,cafe,POINT (-58.3921883 -34.7003691)
361,4153633540,Starbucks,cafe,POINT (-58.3922237 -34.6081651)
362,4164205743,Le Pain Quotidien,cafe,POINT (-58.4377834 -34.5784666)
363,4167717481,Chef León,cafe,POINT (-58.4535824 -34.5521543)
364,4167852091,Paseo Colon,cafe,POINT (-58.3687987 -34.6146201)
365,4174214295,Café Martínez,cafe,POINT (-58.4603378 -34.5575267)
366,4214670731,Starbucks,cafe,POINT (-58.440067 -34.598493)
367,4228636828,Cabaña Tuyu,cafe,POINT (-58.452089 -34.5648426)
368,4232934992,Café Martínez,cafe,POINT (-58.4633815 -34.5661281)
369,4250121189,Muu Lechería,cafe,POINT (-58.4260387 -34.5884586)
370,4250988691,Grand Café,cafe,POINT (-58.376987 -34.5924852)
371,4251154596,Chungo,cafe,POINT (-58.4076057 -34.5817736)
372,4251236289,N/A,cafe,POINT (-58.4434002 -34.5682233)
373,4251288289,Brioche Dorée,cafe,POINT (-58.4563775 -34.5621226)
374,4251296189,Pride Hollywood,cafe,POINT (-58.4336827 -34.5835696)
375,4251330293,El Galeón,cafe,POINT (-58.4202908 -34.5823796)
376,4251330294,La Giralda Cafetería,cafe,POINT (-58.3874306 -34.6039432)
377,4251331595,CoCo Fresh Tea & Juice,cafe,POINT (-58.4221439 -34.5743784)
378,4252945095,Beio,cafe,POINT (-58.3962007 -34.6093681)
379,4270804918,Starbucks,cafe,POINT (-58.437959 -34.5780257)
380,4289340387,N/A,cafe,POINT (-58.3930583 -34.5862813)
381,4289340907,Liber cafe,cafe,POINT (-58.3827835 -34.5884736)
382,4289340911,Sotovoce cafe,cafe,POINT (-58.387422 -34.5861119)
383,4289340920,N/A,cafe,POINT (-58.3769073 -34.5922939)
384,4289359642,Bonafide,cafe,POINT (-58.381834 -34.6148193)
385,4293492791,Don Segundo Fiambrería y Cafetería,cafe,POINT (-58.4164531 -34.6235018)
386,4293917792,Café Martínez,cafe,POINT (-58.3830097 -34.5933251)
387,4293962890,La Tolva,cafe,POINT (-58.4298293 -34.618575)
388,4312087308,Retamas,cafe,POINT (-58.4682892 -34.5731747)
389,4312146519,Café Martínez,cafe,POINT (-58.3891158 -34.6088994)
390,4313772379,Tea Connection,cafe,POINT (-58.4644944 -34.5682454)
391,4313772383,Maru Botana,cafe,POINT (-58.4640133 -34.5679389)
392,4313772384,Maru Botana,cafe,POINT (-58.4639055 -34.567873)
393,4314954702,Cafezenda,cafe,POINT (-58.4381075 -34.573279)
394,4315225518,Crisol,cafe,POINT (-58.4580985 -34.5725136)
395,4315225521,Tienda de Café,cafe,POINT (-58.4596134 -34.5730512)
396,4315225523,Starbucks,cafe,POINT (-58.4594726 -34.5728802)
397,4318837525,Bonafide,cafe,POINT (-58.4610883 -34.6282256)
398,4322117366,Havanna,cafe,POINT (-58.4599867 -34.5745566)
399,4333696086,Café Crespin,cafe,POINT (-58.4391676 -34.5973113)
400,4333982566,Havanna,cafe,POINT (-58.4384482 -34.5994908)
401,4343045277,Sheikob's Bagels,cafe,POINT (-58.4357792 -34.5682317)
402,4351620189,Piacere,cafe,POINT (-58.3647729 -34.6014985)
403,4353264748,Starbucks,cafe,POINT (-58.4882128 -34.5456385)
404,4358155400,El Podio,cafe,POINT (-58.4413701 -34.5815649)
405,4371621098,Café Metro Bar,cafe,POINT (-58.3825443 -34.6022877)
406,4374610037,Café Libros del Pasaje,cafe,POINT (-58.4298158 -34.5868304)
407,4374610042,N/A,cafe,POINT (-58.4276922 -34.5860222)
408,4374640919,N/A,cafe,POINT (-58.4277304 -34.5875271)
409,4379848252,Paseo de Las Luces,cafe,POINT (-58.3743625 -34.6101854)
410,4379938189,Tienda de Café,cafe,POINT (-58.3871755 -34.5969977)
411,4383819008,Rapanui,cafe,POINT (-58.3876249 -34.5932762)
412,4386417032,Morci Café,cafe,POINT (-58.4388045 -34.6039355)
413,4402584926,La Paz,cafe,POINT (-58.3857187 -34.6199332)
414,4404465497,Starbucks,cafe,POINT (-58.3739015 -34.6045565)
415,4419135392,Café Martínez,cafe,POINT (-58.4563957 -34.5617102)
416,4438536628,Torcuato & Regina,cafe,POINT (-58.3762436 -34.5934103)
417,4444201894,Le Pain Quotidien,cafe,POINT (-58.4051465 -34.5770091)
418,4444702789,Le Blé,cafe,POINT (-58.3744034 -34.6195794)
419,4448075890,Almacén Bevant,cafe,POINT (-58.3910164 -34.590695)
420,4449921485,Naon Shop,cafe,POINT (-58.4767944 -34.5630761)
421,4459641091,N/A,cafe,POINT (-58.4132244 -34.5805251)
422,4467197644,Café Martínez,cafe,POINT (-58.4561034 -34.6123988)
423,4475799799,Le Pain Quotidien,cafe,POINT (-58.3936363 -34.5892074)
424,4477694189,Blanca,cafe,POINT (-58.4228328 -34.5735614)
425,4479361590,Tea Connection,cafe,POINT (-58.4231364 -34.5748152)
426,4479361689,Benedetta,cafe,POINT (-58.4229629 -34.5738106)
427,4482218203,Maru Botana,cafe,POINT (-58.448521 -34.5619937)
428,4482456195,N/A,cafe,POINT (-58.437331 -34.583224)
429,4484621790,La panera rosa,cafe,POINT (-58.4259162 -34.5890153)
430,4487063260,Tostado,cafe,POINT (-58.4540407 -34.5603058)
431,4490809614,Simon,cafe,POINT (-58.4365654 -34.5648916)
432,4490809926,Bonafide,cafe,POINT (-58.4571465 -34.5596022)
433,4508676371,N/A,cafe,POINT (-58.4473023 -34.5568403)
434,4511148592,Malvón,cafe,POINT (-58.4391103 -34.5943338)
435,4513944252,Piccolo,cafe,POINT (-58.4610629 -34.5533489)
436,4522452791,Lucca Heladería Boutique,cafe,POINT (-58.4750693 -34.5645346)
437,4535692429,Confitera Monet,cafe,POINT (-58.3889537 -34.5893505)
438,4538721908,Bar Rayuela,cafe,POINT (-58.4862514 -34.5966484)
439,4543191192,La casa de Maga,cafe,POINT (-58.5214956 -34.6339689)
440,4551223791,Clarisimo Café,cafe,POINT (-58.3850228 -34.5906498)
441,4551458437,Cafe,cafe,POINT (-58.3705585 -34.6027119)
442,4551458441,Hot,cafe,POINT (-58.3696362 -34.6144424)
443,4557746621,La Esquina de Goyo,cafe,POINT (-58.4364942 -34.5639689)
444,4564172631,Vivaldi,cafe,POINT (-58.3842387 -34.6209479)
445,4564223075,El Familiar,cafe,POINT (-58.3814749 -34.6287565)
446,4565463457,Bar Arizona,cafe,POINT (-58.3978321 -34.6308045)
447,4565999338,Bautista,cafe,POINT (-58.4626868 -34.5600414)
448,4566829989,vive cafe,cafe,POINT (-58.4359088 -34.5816814)
449,4567331604,La Esquina de Omar,cafe,POINT (-58.3773504 -34.6298922)
450,4567331618,Starbucks,cafe,POINT (-58.3757053 -34.6341148)
451,4567348387,Havanna,cafe,POINT (-58.3728331 -34.6319139)
452,4567348689,Tienda de Cafe,cafe,POINT (-58.3725484 -34.6316365)
453,4569095673,Café Martínez,cafe,POINT (-58.3748639 -34.6380799)
454,4569312988,Starbucks,cafe,POINT (-58.3723805 -34.60341)
455,4581389594,Havanna,cafe,POINT (-58.3745087 -34.5910978)
456,4581697994,Brioche Doree,cafe,POINT (-58.4376206 -34.5676602)
457,4581732390,Full City Coffee House,cafe,POINT (-58.4316378 -34.5885344)
458,4586088773,La Exposición,cafe,POINT (-58.3936574 -34.6070185)
459,4586088774,Eloisa,cafe,POINT (-58.3934028 -34.6070376)
460,4589936879,Saujil,cafe,POINT (-58.4171797 -34.6392611)
461,4591103819,Per-Noi Cafe,cafe,POINT (-58.4256608 -34.6325284)
462,4593336890,Le Ble,cafe,POINT (-58.423617 -34.5800784)
463,4594573589,Comida Central,cafe,POINT (-58.4275741 -34.5881623)
464,4598669292,Café Martínez,cafe,POINT (-58.435978 -34.6348303)
465,4598714793,Rapanui,cafe,POINT (-58.4489295 -34.6278184)
466,4598775437,Bonafide,cafe,POINT (-58.4359452 -34.6345177)
467,4598898966,Cafe Bar,cafe,POINT (-58.4063255 -34.6339259)
468,4600593736,Di Pietro,cafe,POINT (-58.4098097 -34.6451771)
469,4602463028,N/A,cafe,POINT (-58.3889063 -34.6336363)
470,4602463037,N/A,cafe,POINT (-58.3881245 -34.6348359)
471,4602555978,Caravana,cafe,POINT (-58.3897943 -34.6338602)
472,4604935301,Cafetería,cafe,POINT (-58.4116904 -34.6530575)
473,4613025289,Havanna,cafe,POINT (-58.4049967 -34.5935798)
474,4613147672,Suizo Café,cafe,POINT (-58.5052503 -34.5345793)
475,4614529889,Boss Caffe,cafe,POINT (-58.5065819 -34.5491228)
476,4617237090,El Mirador,cafe,POINT (-58.444381 -34.5904511)
477,4617585991,Pau Pei,cafe,POINT (-58.4450418 -34.5894395)
478,4621138848,Café Martínez,cafe,POINT (-58.4671321 -34.5499173)
479,4625675695,B-Blue,cafe,POINT (-58.4273868 -34.5894348)
480,4625675791,Croque Madame,cafe,POINT (-58.4005416 -34.5827298)
481,4625691391,N/A,cafe,POINT (-58.4266174 -34.5889128)
482,4626925789,Tienda de Café,cafe,POINT (-58.4429926 -34.5677846)
483,4630570705,Starbucks,cafe,POINT (-58.3652796 -34.6164562)
484,4632819813,Daiu 1,cafe,POINT (-58.4919178 -34.5705264)
485,4632890493,Das's,cafe,POINT (-58.4956443 -34.5724673)
486,4633147715,Rimon,cafe,POINT (-58.4120441 -34.5794235)
487,4633175993,La Esquina,cafe,POINT (-58.5029005 -34.5733925)
488,4636001591,Bonafide,cafe,POINT (-58.4249156 -34.58387)
489,4636007590,Lattente,cafe,POINT (-58.428024 -34.5861658)
490,4636073794,Bryant,cafe,POINT (-58.4372019 -34.5660764)
491,4636139916,Havanna,cafe,POINT (-58.4743968 -34.5815189)
492,4636181016,Havanna,cafe,POINT (-58.4349701 -34.5673332)
493,4636181021,Preto,cafe,POINT (-58.4358127 -34.5668575)
494,4637946122,Café Martínez,cafe,POINT (-58.4789623 -34.5789669)
495,4638114583,La Reina,cafe,POINT (-58.4797625 -34.5787761)
496,4646167202,N/A,cafe,POINT (-58.4731406 -34.6154518)
497,4646205013,Take Away,cafe,POINT (-58.4710137 -34.5456782)
498,4648582500,Tío Tempo,cafe,POINT (-58.4640016 -34.5543287)
499,4653068920,Shop,cafe,POINT (-58.4851329 -34.5891467)
500,4654148821,The Coffe Store,cafe,POINT (-58.5142525 -34.6072002)
501,4654337629,Chocorisimo,cafe,POINT (-58.4336992 -34.5832826)
502,4654445656,Caffé del Doge,cafe,POINT (-58.5131032 -34.6019647)
503,4654492886,Café Martínez,cafe,POINT (-58.5039612 -34.618983)
504,4654669217,Amarillo,cafe,POINT (-58.5102758 -34.6332733)
505,4654713828,Lo de Titi,cafe,POINT (-58.4783058 -34.5335896)
506,4656979626,Chungo,cafe,POINT (-58.4988506 -34.5843847)
507,4656998124,Cafe Altares,cafe,POINT (-58.4644923 -34.6111225)
508,4657106738,Trappola,cafe,POINT (-58.4877405 -34.5752214)
509,4657141450,Medialunas,cafe,POINT (-58.4938682 -34.5878275)
510,4657306810,Balcarce,cafe,POINT (-58.4520345 -34.5799674)
511,4657707011,Café Martínez,cafe,POINT (-58.4478015 -34.5746571)
512,4657793252,La Argentina,cafe,POINT (-58.4636174 -34.5750394)
513,4658048368,Minutas y Mucho Más,cafe,POINT (-58.490807 -34.5608981)
514,4658080728,Plaza Irlanda,cafe,POINT (-58.4768304 -34.6174379)
515,4660392327,Mati's,cafe,POINT (-58.4830109 -34.5658061)
516,4660584592,Helados & Cafe,cafe,POINT (-58.4921458 -34.6031988)
517,4660663457,New Time,cafe,POINT (-58.4927032 -34.6024449)
518,4660984069,Bonafide,cafe,POINT (-58.4922575 -34.6126472)
519,4661192739,El Villano Cafe,cafe,POINT (-58.4830616 -34.6091129)
520,4668479396,Biutiful,cafe,POINT (-58.4532879 -34.5623556)
521,4668538670,Polilla,cafe,POINT (-58.4661088 -34.5477916)
522,4668709340,Café del Centro,cafe,POINT (-58.4626863 -34.5852262)
523,4668965217,Juan Pablo Refetto,cafe,POINT (-58.433067 -34.5909639)
524,4668965234,Tipo Siete,cafe,POINT (-58.4311546 -34.5921761)
525,4668983108,Cuadra,cafe,POINT (-58.4859717 -34.5451274)
526,4669464796,Caffé del Doge,cafe,POINT (-58.3881219 -34.5982561)
527,4669653705,Hasta la Masa,cafe,POINT (-58.4367156 -34.5948439)
528,4669989803,Laberinto Espacial,cafe,POINT (-58.4105816 -34.5970904)
529,4670105100,Jumaro,cafe,POINT (-58.4975206 -34.5307982)
530,4670184643,Hausbrot,cafe,POINT (-58.3630566 -34.6106802)
531,4670216287,i Fresh,cafe,POINT (-58.36323 -34.6115564)
532,4670216491,Espresso House,cafe,POINT (-58.3634456 -34.6101997)
533,4670221217,Brioche Dorée,cafe,POINT (-58.3645424 -34.6006608)
534,4672698935,Punto Cuore,cafe,POINT (-58.3902784 -34.6138659)
535,4673084827,Sumo,cafe,POINT (-58.3771444 -34.6173215)
536,4673141148,Bar Piedras,cafe,POINT (-58.3774552 -34.6173378)
537,4673201436,Café Martínez,cafe,POINT (-58.3914341 -34.6202915)
538,4673693844,Big Bang,cafe,POINT (-58.4120098 -34.6039389)
539,4673693845,Café Martínez,cafe,POINT (-58.4117955 -34.603934)
540,4674041204,Café Martínez,cafe,POINT (-58.4032667 -34.5963975)
541,4674041513,Tilo,cafe,POINT (-58.4120536 -34.5828037)
542,4675107159,El Viejo,cafe,POINT (-58.476227 -34.6067939)
543,4675107194,Calvarico,cafe,POINT (-58.4802107 -34.6081747)
544,4675113796,Havanna,cafe,POINT (-58.3840236 -34.6036839)
545,4675203182,La Nueva San Agustín,cafe,POINT (-58.4022345 -34.5832443)
546,4675203199,Bonafide,cafe,POINT (-58.4015418 -34.5834769)
547,4675229605,Amaretto,cafe,POINT (-58.485604 -34.6082977)
548,4675260765,Take & Caffee,cafe,POINT (-58.3920516 -34.59379)
549,4675260771,Valence,cafe,POINT (-58.3920003 -34.5940782)
550,4675262353,Como,cafe,POINT (-58.3762278 -34.6102954)
551,4675262363,Santa Cafe,cafe,POINT (-58.3779396 -34.6117761)
552,4675347205,Hausbrot,cafe,POINT (-58.4104088 -34.5823541)
553,4676824394,Havanna,cafe,POINT (-58.3882419 -34.6039956)
554,4676836864,La Casa del Dulce de Leche,cafe,POINT (-58.3717828 -34.6165351)
555,4676901089,Havanna,cafe,POINT (-58.3981289 -34.6044497)
556,4677108202,Iberia,cafe,POINT (-58.4525155 -34.5999307)
557,4677180785,Del Amanecer,cafe,POINT (-58.3740429 -34.6160439)
558,4677312663,Cafe San Juan,cafe,POINT (-58.3728011 -34.616121)
559,4677413921,Il Sorpasso,cafe,POINT (-58.37249 -34.620773)
560,4678723266,Terrazas,cafe,POINT (-58.3717226 -34.6184306)
561,4678794637,Origen Cafe,cafe,POINT (-58.3740864 -34.6206665)
562,4678927219,Flipa,cafe,POINT (-58.5264971 -34.6205303)
563,4680378093,ArCo Vision,cafe,POINT (-58.4822258 -34.6284382)
564,4683454792,Café Martínez,cafe,POINT (-58.3809313 -34.6009842)
565,4683621784,McCafé,cafe,POINT (-58.3901723 -34.6044088)
566,4684267345,Bonafide,cafe,POINT (-58.5192304 -34.6539025)
567,4684412983,Bonafide,cafe,POINT (-58.5050853 -34.6537748)
568,4685697234,Baronia,cafe,POINT (-58.5205544 -34.6634567)
569,4686255291,Delicious,cafe,POINT (-58.471883 -34.6260897)
570,4687863959,Bonafide,cafe,POINT (-58.4174784 -34.6108101)
571,4687892913,The Coffee Store,cafe,POINT (-58.4250685 -34.613076)
572,4689211599,Starbucks,cafe,POINT (-58.4088731 -34.6042804)
573,4689796880,Roma,cafe,POINT (-58.4412566 -34.6202905)
574,4689807358,Havanna,cafe,POINT (-58.445116 -34.6219621)
575,4690926824,Bonafide,cafe,POINT (-58.4392945 -34.605755)
576,4692520694,Bricco,cafe,POINT (-58.3991955 -34.6095648)
577,4693050032,Las Delicias San Juan,cafe,POINT (-58.4148629 -34.6254233)
578,4693054657,Isla de Capri,cafe,POINT (-58.4066397 -34.6244522)
579,4693076779,Cafe del Biografo,cafe,POINT (-58.3927965 -34.6229534)
580,4696178990,Le Moulin de la Fleur,cafe,POINT (-58.4003852 -34.5898332)
581,4697752904,Charlotte,cafe,POINT (-58.5070582 -34.6685168)
582,4697828912,Lemón,cafe,POINT (-58.5144131 -34.6600856)
583,4698137078,Negro,cafe,POINT (-58.3781058 -34.5964721)
584,4698230450,Café Martínez,cafe,POINT (-58.3731917 -34.6033828)
585,4698973811,Santa Cafe,cafe,POINT (-58.3777866 -34.6116868)
586,4698995206,Dolce Far Niente,cafe,POINT (-58.3781467 -34.611709)
587,4699596718,La Gran Via,cafe,POINT (-58.3950375 -34.6095412)
588,4699626860,Bonafide,cafe,POINT (-58.401684 -34.6100391)
589,4699633803,Havanna,cafe,POINT (-58.4032256 -34.6101381)
590,4699637186,Alessandro,cafe,POINT (-58.4660537 -34.6451849)
591,4699671230,Licuados Cafe,cafe,POINT (-58.376651 -34.608044)
592,4699680597,Bonafide,cafe,POINT (-58.4709963 -34.6312576)
593,4699847783,Starbucks,cafe,POINT (-58.3787727 -34.6033661)
594,4699848002,Havanna,cafe,POINT (-58.377685 -34.6033167)
595,4700006242,Dos Escudos,cafe,POINT (-58.380224 -34.5927795)
596,4700151067,La Juana,cafe,POINT (-58.3710069 -34.6055183)
597,4700326059,Havanna,cafe,POINT (-58.4202225 -34.6113762)
598,4700327998,Carmelo's,cafe,POINT (-58.4216284 -34.6118677)
599,4700335532,Havanna,cafe,POINT (-58.4311968 -34.6161314)
600,4700335539,Gello,cafe,POINT (-58.4313758 -34.6162098)
601,4700350209,Bonafide,cafe,POINT (-58.4472999 -34.623188)
602,4700535782,Caffé del Doge,cafe,POINT (-58.4322169 -34.6018875)
603,4701817358,Tio Doke,cafe,POINT (-58.5094755 -34.6787519)
604,4701973464,La Lola,cafe,POINT (-58.5227041 -34.6877983)
605,4702072033,The Sandwich Market,cafe,POINT (-58.3781851 -34.5990575)
606,4702275638,Café Castelar,cafe,POINT (-58.3782055 -34.5987595)
607,4702320255,Pousser,cafe,POINT (-58.3779815 -34.5977172)
608,4702498415,Starbucks,cafe,POINT (-58.3746423 -34.5988527)
609,4702498427,My House,cafe,POINT (-58.3755379 -34.5988606)
610,4702498467,Tienda de Cafe,cafe,POINT (-58.3780974 -34.5990518)
611,4702531206,La Cueva,cafe,POINT (-58.3793969 -34.600055)
612,4702602243,Starbucks,cafe,POINT (-58.4065043 -34.597877)
613,4703936002,Bonafide,cafe,POINT (-58.376054 -34.6046899)
614,4704196757,Peppino,cafe,POINT (-58.3785998 -34.62056)
615,4704227094,Café Martínez,cafe,POINT (-58.4316114 -34.6257304)
616,4704539852,Deli Office,cafe,POINT (-58.3784903 -34.5987882)
617,4704539885,Starbucks,cafe,POINT (-58.3808006 -34.5988663)
618,4708546449,Light's Coffee,cafe,POINT (-58.4660513 -34.6352317)
619,4708800515,St. George Snack Bar,cafe,POINT (-58.3762288 -34.6000202)
620,4708896013,Havanna,cafe,POINT (-58.4171822 -34.5861242)
621,4708915789,Café de mi Pais,cafe,POINT (-58.3711908 -34.6006485)
622,4708915846,Florida,cafe,POINT (-58.3750956 -34.6005841)
623,4708915853,Havanna,cafe,POINT (-58.3754646 -34.6009813)
624,4708971763,Negro Cueva de Café,cafe,POINT (-58.3795568 -34.6008261)
625,4709002847,Alissandro,cafe,POINT (-58.5281581 -34.6582826)
626,4709130316,El Garfio,cafe,POINT (-58.4752835 -34.6382497)
627,4709185050,Tienda de Café,cafe,POINT (-58.4567393 -34.6320854)
628,4711339439,Starbucks,cafe,POINT (-58.3958916 -34.5956177)
629,4716537891,N/A,cafe,POINT (-58.4313139 -34.5921824)
630,4727943252,Tea Connection,cafe,POINT (-58.4362682 -34.5653697)
631,4727943254,Truffa,cafe,POINT (-58.4164175 -34.5846649)
632,4729378193,Tea Connection,cafe,POINT (-58.3973243 -34.5945335)
633,4730587321,Tea Connection,cafe,POINT (-58.3957749 -34.5903551)
634,4732155628,La Argentina,cafe,POINT (-58.3967384 -34.5909805)
635,4732785622,Maru Botana,cafe,POINT (-58.3800311 -34.5917236)
636,4740113322,Chungo Helados Café,cafe,POINT (-58.5034612 -34.6390864)
637,4744334235,Big Rabbit,cafe,POINT (-58.4505785 -34.5582748)
638,4744334344,Brisas,cafe,POINT (-58.450643 -34.5639316)
639,4746253894,Lisandro,cafe,POINT (-58.5213096 -34.6401511)
640,4749740996,Café Registrado,cafe,POINT (-58.4376981 -34.580134)
641,4764182876,CONFITERÍA SAN MIGUEL,cafe,POINT (-58.4239913 -34.6030537)
642,4767987227,Bar El Coloñal,cafe,POINT (-58.3744918 -34.6125186)
643,4785132921,Paladar Negro,cafe,POINT (-58.4213498 -34.5854073)
644,4802202749,Bar Broa,cafe,POINT (-58.4782768 -34.5431423)
645,4804028020,Luna del Sur,cafe,POINT (-58.4538174 -34.5590228)
646,4818173324,El Barcito,cafe,POINT (-58.4399782 -34.5900277)
647,4818944206,N/A,cafe,POINT (-58.5282226 -34.6424872)
648,4830907872,Confitería de Antaño,cafe,POINT (-58.3749586 -34.6254761)
649,4830907883,N/A,cafe,POINT (-58.3748452 -34.6257562)
650,4832747021,Le Pain Quotidien,cafe,POINT (-58.3671761 -34.6014089)
651,4833086616,Magazzino,cafe,POINT (-58.3940205 -34.5857612)
652,4842882528,Javi's Parrilla Restaurant & Cafeteria,cafe,POINT (-58.3791831 -34.6128037)
653,4858736102,Havanna,cafe,POINT (-58.4580793 -34.6047759)
654,4860583321,Le Pain Quotidien,cafe,POINT (-58.4276047 -34.5897936)
655,4876339321,The Shelter Coffee,cafe,POINT (-58.3807311 -34.591601)
656,4884946122,Bonafide,cafe,POINT (-58.4848956 -34.6347357)
657,4888803959,Provence,cafe,POINT (-58.4507124 -34.5628902)
658,4890610111,Tienda de Café,cafe,POINT (-58.451954 -34.5824424)
659,4904147224,Le Pain Quotidien,cafe,POINT (-58.4527489 -34.5624005)
660,4913060599,Shift Coffee,cafe,POINT (-58.4479518 -34.5583723)
661,4913060943,Memo Café,cafe,POINT (-58.4478604 -34.5584786)
662,4917663818,Havanna,cafe,POINT (-58.3650566 -34.6203981)
663,4925225908,Vitto,cafe,POINT (-58.4776477 -34.5759155)
664,4929201766,The Slow Kale,cafe,POINT (-58.4476475 -34.5581919)
665,4934853122,N/A,cafe,POINT (-58.3753096 -34.598077)
666,4944505486,Kalimera Kafes,cafe,POINT (-58.4368321 -34.5776454)
667,4957534711,Havanna,cafe,POINT (-58.4857958 -34.5741501)
668,4985350218,Usina Cafetera,cafe,POINT (-58.4815295 -34.5772614)
669,5041645621,Le Pain Quotidien,cafe,POINT (-58.38624 -34.5881156)
670,5067721621,Gran Dabbang,cafe,POINT (-58.4255276 -34.591114)
671,5075174521,McCafé,cafe,POINT (-58.3938338 -34.5890683)
672,5080422682,Juntos Hasta El Final,cafe,POINT (-58.5236113 -34.6296656)
673,5080422687,Estación Versalles,cafe,POINT (-58.523739 -34.6285029)
674,5093760997,Ristretto,cafe,POINT (-58.4393766 -34.5956472)
675,5093761008,E. Lamar Café,cafe,POINT (-58.5013678 -34.6037615)
676,5104441842,Le Pain Quotidien,cafe,POINT (-58.3937676 -34.5894228)
677,5104441843,Le Pain Quotidien,cafe,POINT (-58.4101841 -34.5881609)
678,5158797512,Establecimiento General de Café,cafe,POINT (-58.3886567 -34.6039829)
679,5158797513,The Coffee Store,cafe,POINT (-58.4125645 -34.5842181)
680,5158797514,Establecimiento General de Café,cafe,POINT (-58.3724937 -34.6009306)
681,5173759194,Tea Connection,cafe,POINT (-58.4349422 -34.6213701)
682,5173759195,Tea Connection,cafe,POINT (-58.3872653 -34.5911799)
683,5173759196,Tea Connection,cafe,POINT (-58.4097936 -34.5800494)
684,5173759197,Tea Connection,cafe,POINT (-58.4433663 -34.5681809)
685,5196104726,Surry Hills,cafe,POINT (-58.4278705 -34.5870681)
686,5226449821,Rosso Café Argentina,cafe,POINT (-58.37696 -34.6057944)
687,5228448428,Le Blé,cafe,POINT (-58.4732079 -34.5746216)
688,5228448461,Café Urbano,cafe,POINT (-58.4733266 -34.5744433)
689,5238938323,Café Petit,cafe,POINT (-58.5138733 -34.6486545)
690,5241195507,Café Martínez,cafe,POINT (-58.4506785 -34.555499)
691,5247872722,Cafe de los artistas,cafe,POINT (-58.3635278 -34.6392701)
692,5250479221,Alma,cafe,POINT (-58.4210409 -34.6050593)
693,5257882774,Öss,cafe,POINT (-58.4558095 -34.5546147)
694,5268514048,Estilo Cafe,cafe,POINT (-58.407119 -34.6914512)
695,5269980458,Feca,cafe,POINT (-58.4435642 -34.6251102)
696,5269980459,Le Blé,cafe,POINT (-58.4861308 -34.5783274)
697,5269980460,Le Blé,cafe,POINT (-58.4316471 -34.5668871)
698,5269980461,Le Blé,cafe,POINT (-58.433868 -34.6111002)
699,5269980462,Fulgor Café,cafe,POINT (-58.4191882 -34.5733672)
700,5269980463,Le Blé,cafe,POINT (-58.4212187 -34.5939239)
701,5269980467,Le Blé,cafe,POINT (-58.4462819 -34.5900587)
702,5269980468,Cotterie,cafe,POINT (-58.4642091 -34.5503218)
703,5269980469,Le Blé,cafe,POINT (-58.4362162 -34.5954209)
704,5269980470,Le Blé,cafe,POINT (-58.4621143 -34.5572776)
705,5269980471,Le Blé,cafe,POINT (-58.3908842 -34.5910794)
706,5269980473,Le Blé,cafe,POINT (-58.4239458 -34.6267314)
707,5269980474,Le Blé,cafe,POINT (-58.4162016 -34.5991147)
708,5277764820,G & G,cafe,POINT (-58.3985231 -34.6930252)
709,5278240817,South Cafe,cafe,POINT (-58.3944596 -34.7033007)
710,5278533161,Cafe Rico,cafe,POINT (-58.3958837 -34.7065503)
711,5349501721,Caffe le caravelle,cafe,POINT (-58.3771589 -34.6024771)
712,5353288901,Cafe Petit Victoria,cafe,POINT (-58.4106808 -34.5947612)
713,5358152926,Bonafide,cafe,POINT (-58.381116 -34.5994809)
714,5364634523,Tienda de Cafe,cafe,POINT (-58.4457573 -34.6068937)
715,5379866524,Togni's Café,cafe,POINT (-58.4522657 -34.5550375)
716,5381421012,Café BA,cafe,POINT (-58.4384009 -34.5681947)
717,5383362224,N/A,cafe,POINT (-58.3732154 -34.6184373)
718,5387131921,Duca,cafe,POINT (-58.4295328 -34.5871206)
719,5417632609,Tostado,cafe,POINT (-58.3882809 -34.5992402)
720,5422843923,MIGUEL Café,cafe,POINT (-58.4231339 -34.5882496)
721,5426766528,Cigaló,cafe,POINT (-58.4736132 -34.573261)
722,5443798745,Stumpy Coffee Point,cafe,POINT (-58.4476949 -34.5582181)
723,5446618549,Café Martínez,cafe,POINT (-58.3658037 -34.6139442)
724,5446618554,Pausar,cafe,POINT (-58.3657342 -34.6146654)
725,5462631642,Santal,cafe,POINT (-58.4505894 -34.5652538)
726,5463162321,Cafe des Amis,cafe,POINT (-58.3903807 -34.5950956)
727,5492448061,Datri,cafe,POINT (-58.3799455 -34.5976592)
728,5514538024,Café Martínez,cafe,POINT (-58.4142792 -34.6108433)
729,5541489522,Lazy Dog,cafe,POINT (-58.4228627 -34.5945747)
730,5544288869,Hábito Café,cafe,POINT (-58.3823013 -34.6154873)
731,5560460222,The Coffee Store,cafe,POINT (-58.4170737 -34.5845828)
732,5568060247,Agote,cafe,POINT (-58.4419542 -34.5588775)
733,5568061029,Côte Cafe,cafe,POINT (-58.4433308 -34.5597498)
734,5586691821,ALMA,cafe,POINT (-58.3823167 -34.6049474)
735,5597257321,Farinelli,cafe,POINT (-58.3800511 -34.5915892)
736,5600982930,Terrazas Cafe,cafe,POINT (-58.4453862 -34.6155722)
737,5605130644,Café Martínez,cafe,POINT (-58.3762878 -34.6113763)
738,5609573722,Anna's,cafe,POINT (-58.3734226 -34.6116556)
739,5627937927,Clo!,cafe,POINT (-58.5232599 -34.635711)
740,5654630847,Café Martínez,cafe,POINT (-58.4165207 -34.622829)
741,5654630848,Café Martínez,cafe,POINT (-58.5240455 -34.6131704)
742,5654630849,Café Martínez,cafe,POINT (-58.3711897 -34.5989212)
743,5661894334,Starbucks,cafe,POINT (-58.375489 -34.5968753)
744,5664689868,Nucha,cafe,POINT (-58.4613023 -34.5734513)
745,5664724121,Nucha,cafe,POINT (-58.4405237 -34.5793046)
746,5664810921,Café Martínez,cafe,POINT (-58.4744458 -34.6204453)
747,5664810922,Café Martínez,cafe,POINT (-58.417878 -34.6033426)
748,5664810923,Café Martínez,cafe,POINT (-58.3966403 -34.6047037)
749,5664810925,Café Martínez,cafe,POINT (-58.3922434 -34.6073545)
750,5670566993,Café Martínez,cafe,POINT (-58.3966979 -34.5874123)
751,5685393111,Angelato,cafe,POINT (-58.4140096 -34.5907526)
752,5685393114,Café Martínez,cafe,POINT (-58.4142081 -34.5906361)
753,5686139923,Café Martínez,cafe,POINT (-58.389399 -34.601689)
754,5686139924,Café Martínez,cafe,POINT (-58.5000502 -34.6490718)
755,5686139925,Café Martínez,cafe,POINT (-58.441582 -34.6088529)
756,5686139926,Café Martínez,cafe,POINT (-58.5124419 -34.6010532)
757,5686139927,Café Martínez,cafe,POINT (-58.4962655 -34.6002506)
758,5686369957,Café Martínez,cafe,POINT (-58.4561705 -34.5681969)
759,5686369958,Café Havanna,cafe,POINT (-58.4374903 -34.6185238)
760,5686369959,Café Martínez,cafe,POINT (-58.4457998 -34.622594)
761,5686369960,Café Martínez,cafe,POINT (-58.4867249 -34.5771575)
762,5686369962,Café Martínez,cafe,POINT (-58.3856982 -34.5976774)
763,5686369963,Café Martínez,cafe,POINT (-58.3771621 -34.6047821)
764,5686369964,Café Martínez,cafe,POINT (-58.3733111 -34.5956914)
765,5695681622,Sans,cafe,POINT (-58.4264045 -34.5886891)
766,5696528215,Café Martínez,cafe,POINT (-58.3929703 -34.7035916)
767,5696529026,Café Martínez,cafe,POINT (-58.3666679 -34.6613527)
768,5706179213,Starbucks,cafe,POINT (-58.3790637 -34.6048829)
769,5709215660,Café Martínez,cafe,POINT (-58.3820893 -34.6093077)
770,5747882624,Starbucks,cafe,POINT (-58.4060026 -34.6370416)
771,5754801721,KEK pastelería & co.,cafe,POINT (-58.5009374 -34.6402959)
772,5757436456,Eatbar,cafe,POINT (-58.3655659 -34.6159642)
773,5775635953,Magnolia,cafe,POINT (-58.4084152 -34.5882246)
774,5777057156,La Bohemia,cafe,POINT (-58.4205886 -34.5928882)
775,5777057654,Cremolatti,cafe,POINT (-58.4179355 -34.5928899)
776,5792983486,Le Pain Quotidien,cafe,POINT (-58.4516753 -34.5517594)
777,5889036265,PICSA,cafe,POINT (-58.4279859 -34.5861118)
778,5893374259,Candela,cafe,POINT (-58.4769027 -34.5696634)
779,5893374260,Ninina,cafe,POINT (-58.4772219 -34.5693443)
780,5929898086,N/A,cafe,POINT (-58.432213 -34.5804281)
781,5933141890,Amelia,cafe,POINT (-58.4449495 -34.6128089)
782,5956078251,Café Cortázar,cafe,POINT (-58.4198001 -34.596402)
783,5968053777,A.J.Dulcinea,cafe,POINT (-58.4212582 -34.5816948)
784,6001170098,Starbucks,cafe,POINT (-58.46746 -34.5335423)
785,6007937573,Starbucks,cafe,POINT (-58.4136388 -34.5566933)
786,6007937574,Starbucks,cafe,POINT (-58.4374125 -34.6184653)
787,6007937575,Starbucks,cafe,POINT (-58.4668055 -34.5510412)
788,6007937576,Starbucks,cafe,POINT (-58.4265858 -34.5743566)
789,6007937577,Starbucks,cafe,POINT (-58.4307694 -34.5892583)
790,6007937580,Starbucks,cafe,POINT (-58.4076923 -34.5871617)
791,6007937581,Starbucks,cafe,POINT (-58.4098957 -34.5882359)
792,6007937582,Starbucks,cafe,POINT (-58.4126919 -34.592349)
793,6007937583,Starbucks,cafe,POINT (-58.4106803 -34.6032963)
794,6007940291,Starbucks,cafe,POINT (-58.3980819 -34.5892969)
795,6007940292,Starbucks,cafe,POINT (-58.3748625 -34.5915269)
796,6007940293,Starbucks,cafe,POINT (-58.3713376 -34.5946525)
797,6007940294,Starbucks,cafe,POINT (-58.3787741 -34.5975306)
798,6007940295,Starbucks,cafe,POINT (-58.3726586 -34.5990584)
799,6007940296,Starbucks,cafe,POINT (-58.3743008 -34.5988277)
800,6007940298,Starbucks,cafe,POINT (-58.3717024 -34.6043979)
801,6007940299,Starbucks,cafe,POINT (-58.38232 -34.6046275)
802,6007940300,Starbucks,cafe,POINT (-58.3728424 -34.6060581)
803,6007940301,Starbucks,cafe,POINT (-58.3709782 -34.6060913)
804,6007940302,Starbucks,cafe,POINT (-58.3847795 -34.6094951)
805,6007940303,Starbucks,cafe,POINT (-58.3971526 -34.6094093)
806,6007940304,Starbucks,cafe,POINT (-58.3787057 -34.6114678)
807,6007940305,Starbucks,cafe,POINT (-58.3819216 -34.6170626)
808,6007940306,Starbucks,cafe,POINT (-58.3705377 -34.6101151)
809,6007940308,Starbucks,cafe,POINT (-58.458126 -34.6749517)
810,6028250762,Café Martínez,cafe,POINT (-58.38659 -34.6002915)
811,6093604538,Lepes,cafe,POINT (-58.4382178 -34.577804)
812,6128976285,Birkin,cafe,POINT (-58.4131942 -34.5804845)
813,6150467785,El Banderín,cafe,POINT (-58.4154311 -34.6015984)
814,6153512485,N/A,cafe,POINT (-58.4207576 -34.5697412)
815,6154634367,N/A,cafe,POINT (-58.5250846 -34.6404656)
816,6178528444,El Ricón de Pablo,cafe,POINT (-58.524835 -34.6406706)
817,6181089047,Cafe Chocolate,cafe,POINT (-58.5262014 -34.6404422)
818,6194935151,Café Plaza Dorrego,cafe,POINT (-58.3713785 -34.6205689)
819,6228188685,Delicious Café,cafe,POINT (-58.3996757 -34.5876489)
820,6251797237,Bonafide,cafe,POINT (-58.5264367 -34.6407543)
821,6262992254,The Coffe Store,cafe,POINT (-58.436035 -34.6131814)
822,6275361085,N/A,cafe,POINT (-58.4250662 -34.5881038)
823,6283718941,El Residente,cafe,POINT (-58.4243352 -34.6058368)
824,6283718943,Ateneo,cafe,POINT (-58.4250538 -34.6058205)
825,6283718945,Piedimonte,cafe,POINT (-58.4256193 -34.6058202)
826,6283718950,Encuentros,cafe,POINT (-58.4259715 -34.6058304)
827,6291578585,BNA Banca Digital,cafe,POINT (-58.4295916 -34.5882955)
828,6332002069,Bonafide,cafe,POINT (-58.445536 -34.5708249)
829,6332063760,D'Amore,cafe,POINT (-58.47799 -34.5842986)
830,6347100467,Café Bar Cristóbal,cafe,POINT (-58.3973928 -34.6186176)
831,6348655002,Bonafide,cafe,POINT (-58.4653264 -34.6028994)
832,6356414586,Registrado,cafe,POINT (-58.4170563 -34.5896981)
833,6382128776,N/A,cafe,POINT (-58.4782459 -34.5679745)
834,6382167141,Havanna,cafe,POINT (-58.393715 -34.6042234)
835,6394154959,Spot,cafe,POINT (-58.4643491 -34.5968028)
836,6396771435,Sablée,cafe,POINT (-58.4504144 -34.5557725)
837,6398494485,El Secreto de Oro,cafe,POINT (-58.4244346 -34.5795016)
838,6400477185,Salvaje Backery,cafe,POINT (-58.4421261 -34.5807309)
839,6421907885,Nataria Portuguesa,cafe,POINT (-58.3892976 -34.5923616)
840,6422073889,Full,cafe,POINT (-58.4490912 -34.6155424)
841,6443797073,Miro,cafe,POINT (-58.4000318 -34.5899247)
842,6455355036,La Florida,cafe,POINT (-58.5260978 -34.6418248)
843,6468220520,Café Martínez,cafe,POINT (-58.4430957 -34.6110628)
844,6468220522,La blonde,cafe,POINT (-58.4425966 -34.6117225)
845,6468220523,Cutter's,cafe,POINT (-58.4423579 -34.612067)
846,6518069886,Take & Coffee,cafe,POINT (-58.3738474 -34.6019825)
847,6521888586,Champagne Express,cafe,POINT (-58.457633 -34.5523248)
848,6533261641,Traiano,cafe,POINT (-58.4661559 -34.5475552)
849,6547885626,Nucha,cafe,POINT (-58.4473546 -34.5665201)
850,6547896587,Rita,cafe,POINT (-58.4473472 -34.5676879)
851,6548430885,Paul French Gallery,cafe,POINT (-58.429908 -34.5901453)
852,6561627020,Army,cafe,POINT (-58.4340327 -34.6200756)
853,6561642013,Army,cafe,POINT (-58.4343382 -34.6191821)
854,6566952253,Croque Madame,cafe,POINT (-58.3650366 -34.5996298)
855,6573497219,Serendipity,cafe,POINT (-58.4350509 -34.5811724)
856,6628565484,Azul Café,cafe,POINT (-58.4434545 -34.561212)
857,6688385734,Rinvol,cafe,POINT (-58.4408672 -34.6158208)
858,6698399905,El Progreso,cafe,POINT (-58.4063951 -34.5924996)
859,6728556891,Roma Espresso,cafe,POINT (-58.4412387 -34.6203364)
860,6762314573,Loriga,cafe,POINT (-58.4659985 -34.6282671)
861,6773507453,Tyta,cafe,POINT (-58.453904 -34.5552577)
862,6794164070,Beio,cafe,POINT (-58.3979974 -34.5943871)
863,6909435189,Michi,cafe,POINT (-58.449634 -34.5582557)
864,6951966938,Baltha,cafe,POINT (-58.4457034 -34.5584948)
865,6958600798,La Noire,cafe,POINT (-58.4426735 -34.5877875)
866,6978326785,Juan Pedro Caballero,cafe,POINT (-58.4297849 -34.58725)
867,7019466985,Siete,cafe,POINT (-58.3832241 -34.6086111)
868,7036320913,Coffee Place,cafe,POINT (-58.3738022 -34.6102104)
869,7046762997,Enitma - Café Reserva,cafe,POINT (-58.373442 -34.6127131)
870,7050849879,Tea Connection,cafe,POINT (-58.4498191 -34.5538857)
871,7052695477,Café Maitre,cafe,POINT (-58.4312057 -34.5706482)
872,7070340340,Piedimonte Full,cafe,POINT (-58.4268662 -34.6058149)
873,7070362543,N/A,cafe,POINT (-58.4257446 -34.6068537)
874,7115382125,Caffeine,cafe,POINT (-58.4630523 -34.5644182)
875,7149377962,Whoopies,cafe,POINT (-58.3957611 -34.6010456)
876,7149378511,Facundo,cafe,POINT (-58.4024594 -34.6011585)
877,7172892386,Café Marini,cafe,POINT (-58.3737909 -34.6023895)
878,7176250385,Florencio,cafe,POINT (-58.3961487 -34.5860009)
879,7213985811,Vanshelato,cafe,POINT (-58.3881471 -34.5970248)
880,7214371386,Tostado Cafe Club,cafe,POINT (-58.3807303 -34.6034856)
881,7239204285,Cosecha,cafe,POINT (-58.3716087 -34.6196068)
882,7253548687,La Panera Rosa,cafe,POINT (-58.3906316 -34.5876119)
883,7257298585,La Panera Rosa,cafe,POINT (-58.440785 -34.6250962)
884,7338843285,Bar Café La Humedad,cafe,POINT (-58.4013865 -34.6210654)
885,7340848187,Tienda de Café,cafe,POINT (-58.4478339 -34.5568593)
886,7342295603,Arceo,cafe,POINT (-58.5042598 -34.6541681)
887,7364280685,Panadería,cafe,POINT (-58.3620486 -34.638743)
888,7364280686,Coffee Center,cafe,POINT (-58.3918647 -34.6085327)
889,7644904090,Lattentate,cafe,POINT (-58.4597741 -34.5595187)
890,7668091630,The Coffe Store,cafe,POINT (-58.4529642 -34.5596781)
891,7715441291,Manfred,cafe,POINT (-58.5165135 -34.608925)
892,7715443681,La Argentina,cafe,POINT (-58.453875 -34.5668181)
893,7718905842,Vai Avanti,cafe,POINT (-58.4640921 -34.5534226)
894,7722612666,Manfred,cafe,POINT (-58.516528 -34.6089296)
895,7722627669,Winer,cafe,POINT (-58.4747947 -34.5813735)
896,7725952997,Kaiteki,cafe,POINT (-58.4553573 -34.5677057)
897,7734190851,La Guitarrita,cafe,POINT (-58.4597031 -34.5760866)
898,7768602942,Ròncole,cafe,POINT (-58.4602188 -34.5753162)
899,7770644195,San José,cafe,POINT (-58.5282863 -34.6166393)
900,7786095133,Bonafide,cafe,POINT (-58.5154186 -34.6079138)
901,7877081578,Tienda de Café,cafe,POINT (-58.4523016 -34.5592937)
902,7888687771,Bonafide,cafe,POINT (-58.4588357 -34.5723991)
903,7888697866,Miro,cafe,POINT (-58.4549002 -34.5672029)
904,7911490178,Minimarket,cafe,POINT (-58.5297558 -34.65445)
905,7935712129,Bonafide,cafe,POINT (-58.373808 -34.6008772)
906,7935712131,Rialto lV,cafe,POINT (-58.3739397 -34.6007168)
907,7936106543,Tienda de Cafe,cafe,POINT (-58.4594663 -34.5742865)
908,7979365471,N/A,cafe,POINT (-58.4683259 -34.577715)
909,8043211846,Mood,cafe,POINT (-58.4643237 -34.5522795)
910,8043222988,The Coffee Store,cafe,POINT (-58.4533513 -34.5520729)
911,8043278863,Espacio García,cafe,POINT (-58.4731311 -34.5490716)
912,8061303300,Pani,cafe,POINT (-58.4589953 -34.5473107)
913,8067014095,Moshu,cafe,POINT (-58.4723577 -34.5489051)
914,8109266318,Cerca,cafe,POINT (-58.4311372 -34.5680748)
915,8109285717,La Kitchen,cafe,POINT (-58.4759533 -34.5549532)
916,8173761287,Usina,cafe,POINT (-58.4560717 -34.5545323)
917,8187456533,Molina,cafe,POINT (-58.4721942 -34.5451579)
918,8197717360,Acacia Negra,cafe,POINT (-58.5105132 -34.595946)
919,8218360265,Bonafide,cafe,POINT (-58.4140726 -34.5944951)
920,8221306717,Lobo Café,cafe,POINT (-58.4274336 -34.5906473)
921,8221332167,Zajo,cafe,POINT (-58.4356496 -34.5974997)
922,8221336297,Malcriada Café,cafe,POINT (-58.4406738 -34.5863075)
923,8253364347,Cobin,cafe,POINT (-58.41976 -34.6062407)
924,8272776438,Oh! Tea,cafe,POINT (-58.4487758 -34.5574244)
925,8342962170,Café Martínez,cafe,POINT (-58.3806834 -34.628288)
926,8364614638,Bakery,cafe,POINT (-58.450731 -34.5554196)
927,8454167845,Guapa,cafe,POINT (-58.4334588 -34.596636)
928,8459488243,Taxi Bar,cafe,POINT (-58.4172287 -34.6092048)
929,8500235758,Ambar,cafe,POINT (-58.4069542 -34.5807904)
930,8500698924,Roses,cafe,POINT (-58.4166382 -34.6034776)
931,8581272970,Le Blé,cafe,POINT (-58.4650836 -34.5390644)
932,8878968191,La Rosa,cafe,POINT (-58.4364017 -34.5655455)
933,8964678026,Prensa Café,cafe,POINT (-58.4493396 -34.5587841)
934,9045649517,Bilbo Café,cafe,POINT (-58.4535532 -34.603802)
935,9051634457,Boreal Café,cafe,POINT (-58.4893684 -34.5786209)
936,9099260426,Forma,cafe,POINT (-58.4709515 -34.5422753)
937,9130374317,Doc Café,cafe,POINT (-58.4343031 -34.5982203)
938,9181590817,Fauna,cafe,POINT (-58.4273823 -34.5908166)
939,9181591617,Lobo café,cafe,POINT (-58.3633783 -34.6140037)
940,9187459317,La casa de Greta,cafe,POINT (-58.395598 -34.5866862)
941,9190177417,Gontran Cherrier,cafe,POINT (-58.4447097 -34.5647607)
942,9190188817,La Noire,cafe,POINT (-58.4562377 -34.5756667)
943,9198497317,Oh Tea!,cafe,POINT (-58.4277594 -34.5901086)
944,9222504364,Havanna,cafe,POINT (-58.3975262 -34.595718)
945,9231055817,La Garage,cafe,POINT (-58.4354775 -34.5767622)
946,9297959054,Yapan,cafe,POINT (-58.4559721 -34.5492551)
947,9307742240,Preto,cafe,POINT (-58.4486741 -34.5587975)
948,9319572512,Cima,cafe,POINT (-58.494117 -34.5546919)
949,9319951127,Café Martínez,cafe,POINT (-58.4632341 -34.5559627)
950,9332667643,Hijos del Mar,cafe,POINT (-58.4493587 -34.5754487)
951,9437484617,Cafe del medio,cafe,POINT (-58.3898605 -34.5978229)
952,9482126817,Revolver,cafe,POINT (-58.4318028 -34.5938054)
953,9503462518,FRUTO,cafe,POINT (-58.4416094 -34.5829932)
954,9537679817,Mulata Café,cafe,POINT (-58.4238571 -34.5869533)
955,9544235827,Havanna,cafe,POINT (-58.3979478 -34.5993145)
956,9544235828,Tostado,cafe,POINT (-58.398035 -34.5993167)
957,9576036117,ADA,cafe,POINT (-58.399624 -34.6022895)
958,9576523317,Nuestra América,cafe,POINT (-58.4145124 -34.607275)
959,9590910817,Café Lo-Fi,cafe,POINT (-58.4425382 -34.6108407)
960,9607455997,"EuroCafé, Tienda de Café en Granos, Insumos y Accesorios",cafe,POINT (-58.4626558 -34.5755166)
961,9670821698,Bee Coffee,cafe,POINT (-58.4608959 -34.5658196)
962,9718090817,Sippin Cafe,cafe,POINT (-58.4608389 -34.5619715)
963,9733375617,Kajue Café,cafe,POINT (-58.4241745 -34.586426)
964,9759267420,Fruto - Café de Especialidad,cafe,POINT (-58.4258238 -34.5859331)
965,9759267620,Lobo Cafe,cafe,POINT (-58.3635383 -34.6126795)
966,9787193420,Anita,cafe,POINT (-58.4056415 -34.6113678)
967,9797443192,Féca,cafe,POINT (-58.4526686 -34.6145975)
968,9806134150,N/A,cafe,POINT (-58.4068181 -34.6010453)
969,9810962026,Tres,cafe,POINT (-58.4482051 -34.573248)
970,9826417019,Féca,cafe,POINT (-58.452671 -34.6147079)
971,9826455017,Tauro,cafe,POINT (-58.4524102 -34.6153239)
972,9841650356,Cofi Jaus,cafe,POINT (-58.4470144 -34.5594889)
973,9859373981,Quesada,cafe,POINT (-58.46802 -34.5567127)
974,9859392523,Dicha,cafe,POINT (-58.4720374 -34.5602785)
975,9859398832,Cafe de la U,cafe,POINT (-58.4871948 -34.5734502)
976,9859409640,Gorrión,cafe,POINT (-58.4654243 -34.5553566)
977,9862709515,Cosecha,cafe,POINT (-58.4768034 -34.5503221)
978,9866317655,flat&white,cafe,POINT (-58.382988 -34.5939598)
979,9866877218,Rondó Cafe,cafe,POINT (-58.3871727 -34.5964584)
980,9879773317,Cuadra,cafe,POINT (-58.4619257 -34.5499841)
981,9920384451,Süss,cafe,POINT (-58.4334181 -34.5724888)
982,9931975884,La Bicisenda,cafe,POINT (-58.4347123 -34.5915022)
983,9948606247,Open Bar Atlanta,cafe,POINT (-58.4509845 -34.594905)
984,9981784748,Café Bartolomé,cafe,POINT (-58.389225 -34.6077397)
985,9981829212,El nuevo Negrin,cafe,POINT (-58.3891796 -34.6066967)
986,10004407318,Import,cafe,POINT (-58.387975 -34.6016477)
987,10049709317,Havanna,cafe,POINT (-58.4109663 -34.5805534)
988,10084417320,LABA café,cafe,POINT (-58.4529584 -34.5846533)
989,10088065217,Havana,cafe,POINT (-58.443506 -34.5956091)
990,10131353815,Onze,cafe,POINT (-58.3987349 -34.6009936)
991,10131363312,Faro de Ons,cafe,POINT (-58.3984961 -34.6011618)
992,10131363313,Cafe Martinez,cafe,POINT (-58.3988361 -34.5998907)
993,10153248501,Mabra,cafe,POINT (-58.4780976 -34.5836123)
994,10167926636,Martinez,cafe,POINT (-58.4646214 -34.5611895)
995,10172644585,La Panera Rosa,cafe,POINT (-58.4073431 -34.5916938)
996,10174667012,Imperio's,cafe,POINT (-58.4021763 -34.6765842)
997,10174667013,Kamalka,cafe,POINT (-58.4025978 -34.676806)
998,10174667015,Punto Limite,cafe,POINT (-58.4030211 -34.6756835)
999,10174716824,Havanna,cafe,POINT (-58.4077918 -34.6721297)
1000,10176901184,Café Martínez,cafe,POINT (-58.4379684 -34.6142575)
1001,10222647762,La blonde,cafe,POINT (-58.4478963 -34.6042921)
1002,10225904836,Café Veggie,cafe,POINT (-58.4569595 -34.615857)
1003,10234921740,Tribu,cafe,POINT (-58.4524262 -34.5531768)
1004,10239471310,Café Artigad,cafe,POINT (-58.5054162 -34.5751158)
1005,10241154621,La Veredita,cafe,POINT (-58.5198908 -34.6294095)
1006,10276935045,Adorado,cafe,POINT (-58.4405952 -34.6241342)
1007,10297342942,Classic BA,cafe,POINT (-58.3753149 -34.5976517)
1008,10313023612,N/A,cafe,POINT (-58.4310121 -34.5972426)
1009,10315026003,Hygge Café,cafe,POINT (-58.3794674 -34.6060672)
1010,10315583109,Nucha,cafe,POINT (-58.4263101 -34.5913932)
1011,10315590610,La Farola,cafe,POINT (-58.4273122 -34.5962057)
1012,10333568609,Other Side,cafe,POINT (-58.4281509 -34.5873203)
1013,10348570109,Freddo,cafe,POINT (-58.429615 -34.5999282)
1014,10552812609,Borja,cafe,POINT (-58.4153803 -34.5794936)
1015,10552812611,N/A,cafe,POINT (-58.4128618 -34.5866106)
1016,10555077309,Martinez,cafe,POINT (-58.4230249 -34.5739871)
1017,10558546109,N/A,cafe,POINT (-58.4179198 -34.5887864)
1018,10573360710,Edmon,cafe,POINT (-58.415319 -34.5832037)
1019,10579158741,Biscottini,cafe,POINT (-58.4132017 -34.5846639)
1020,10579290101,Pecar,cafe,POINT (-58.4349264 -34.5708922)
1021,10579295060,Dos Escudos,cafe,POINT (-58.4334381 -34.5680098)
1022,10579298025,Café Martinez,cafe,POINT (-58.4211922 -34.5853061)
1023,10585044305,N/A,cafe,POINT (-58.4090506 -34.5813377)
1024,10585600330,Casa Isla,cafe,POINT (-58.4330571 -34.5669279)
1025,10587537905,N/A,cafe,POINT (-58.3742447 -34.5961765)
1026,10589418205,Croque Madame,cafe,POINT (-58.4197768 -34.5807023)
1027,10597041505,Philo,cafe,POINT (-58.410065 -34.5800407)
1028,10604507731,La Pilarica,cafe,POINT (-58.5246381 -34.6428693)
1029,10608631205,N/A,cafe,POINT (-58.422092 -34.5941378)
1030,10614340422,Tienda de café,cafe,POINT (-58.5230477 -34.6283688)
1031,10624532705,Take al paso,cafe,POINT (-58.4129912 -34.5786905)
1032,10641203605,N/A,cafe,POINT (-58.3786757 -34.5964485)
1033,10676501806,Cielo Azul,cafe,POINT (-58.4612209 -34.5665813)
1034,10676661638,Buffalo's,cafe,POINT (-58.4800429 -34.5995285)
1035,10695462307,naní,cafe,POINT (-58.4349613 -34.5929819)
1036,10695469005,N/A,cafe,POINT (-58.4229829 -34.5854608)
1037,10695469205,Antonietta,cafe,POINT (-58.4323346 -34.5885832)
1038,10700898551,Café Nuñez,cafe,POINT (-58.467845 -34.5457839)
1039,10706696976,Il Nostro Café,cafe,POINT (-58.4392881 -34.5730847)
1040,10716451709,Benigno,cafe,POINT (-58.421894 -34.5830637)
1041,10731123305,Café Gutierrez,cafe,POINT (-58.3994929 -34.5868507)
1042,10736122168,The Coffee Store,cafe,POINT (-58.4199562 -34.6059093)
1043,10736150885,The Coffee Store,cafe,POINT (-58.4193844 -34.5882542)
1044,10738161405,La Recova,cafe,POINT (-58.3704717 -34.6043196)
1045,10764703005,La Artesana,cafe,POINT (-58.458086 -34.5615612)
1046,10769237906,N/A,cafe,POINT (-58.3778406 -34.5977179)
1047,10772051340,Lourdes,cafe,POINT (-58.380686 -34.5814264)
1048,10779727752,Juani Café,cafe,POINT (-58.4251055 -34.5934998)
1049,10789130083,La Cafería,cafe,POINT (-58.4388189 -34.5634968)
1050,10789193762,Jeju,cafe,POINT (-58.4488151 -34.5576447)
1051,10789234956,Confitería Ritz,cafe,POINT (-58.4452802 -34.5703821)
1052,10800357605,N/A,cafe,POINT (-58.4146251 -34.594094)
1053,10809922241,Cuervo,cafe,POINT (-58.4452815 -34.5553464)
1054,10815607005,Lharmonie,cafe,POINT (-58.4095349 -34.5787648)
1055,10824687206,Garcia Castro,cafe,POINT (-58.4452442 -34.5865357)
1056,10827625905,Waffles Coffee,cafe,POINT (-58.4221193 -34.5813538)
1057,10830446905,N/A,cafe,POINT (-58.4403147 -34.5827245)
1058,10830990230,Café Registrado,cafe,POINT (-58.4488126 -34.5590095)
1059,10834228805,Fábrica de Café,cafe,POINT (-58.3719354 -34.6192493)
1060,10837310705,Cafeto,cafe,POINT (-58.421015 -34.5833203)
1061,10840917949,Air Coffee,cafe,POINT (-58.4520245 -34.5519988)
1062,10844218705,Verm y Cheli,cafe,POINT (-58.4211209 -34.5820239)
1063,10846435264,Café 2D,cafe,POINT (-58.4507508 -34.5578212)
1064,10846436448,Havanna,cafe,POINT (-58.4509925 -34.5576798)
1065,10846453282,Café Registrado,cafe,POINT (-58.4512534 -34.5574965)
1066,10872351277,Caffe Nascosto,cafe,POINT (-58.4557571 -34.5646632)
1067,10887190305,Martinez,cafe,POINT (-58.4111802 -34.5852096)
1068,10937312505,Hi coffee,cafe,POINT (-58.4187233 -34.5849331)
1069,10943135422,Bilbo,cafe,POINT (-58.5060798 -34.5679768)
1070,10949097038,Cuadra,cafe,POINT (-58.4393848 -34.5762414)
1071,10960869005,Gökotta,cafe,POINT (-58.4315366 -34.5722753)
1072,10966504505,Havanna,cafe,POINT (-58.3636737 -34.6111366)
1073,10971295207,Havanna,cafe,POINT (-58.4145017 -34.5560859)
1074,10971295208,Le Pain Quotidien,cafe,POINT (-58.4143552 -34.5561412)
1075,10971394305,Tostado Cafe Club,cafe,POINT (-58.4117576 -34.5575933)
1076,10971394506,Starbucks,cafe,POINT (-58.4128556 -34.5569468)
1077,10971408405,Havanna,cafe,POINT (-58.4158321 -34.5556261)
1078,10979613179,Carbonetti,cafe,POINT (-58.4141012 -34.5939173)
1079,10992645499,Darién,cafe,POINT (-58.4491267 -34.6036381)
1080,11005938105,Vivant,cafe,POINT (-58.4206532 -34.585384)
1081,11005946505,Woopies,cafe,POINT (-58.4201084 -34.5861163)
1082,11024133306,Lo de nico,cafe,POINT (-58.3749711 -34.6106091)
1083,11024133405,N/A,cafe,POINT (-58.3760393 -34.6126046)
1084,11024133505,N/A,cafe,POINT (-58.3753114 -34.6085932)
1085,11024133605,N/A,cafe,POINT (-58.3917023 -34.6108008)
1086,11028490994,Dulces Tentaciones,cafe,POINT (-58.5215804 -34.6085878)
1087,11028490995,La Unión,cafe,POINT (-58.5208688 -34.6077573)
1088,11032803305,Puerto,cafe,POINT (-58.4232536 -34.588137)
1089,11032980205,Casa Dingo,cafe,POINT (-58.4252508 -34.5879019)
1090,11033008805,La Pecera,cafe,POINT (-58.4196356 -34.5846599)
1091,11034397405,Moshu,cafe,POINT (-58.4233703 -34.5872909)
1092,11042158007,Lievito madre,cafe,POINT (-58.4178017 -34.5916652)
1093,11042851205,Chaman,cafe,POINT (-58.4134216 -34.5845179)
1094,11048882547,Black Clover,cafe,POINT (-58.4304037 -34.6108813)
1095,11074433398,Ñato,cafe,POINT (-58.4515407 -34.5573376)
1096,11086398405,Panera Rosa,cafe,POINT (-58.4123262 -34.5919009)
1097,11087436605,N/A,cafe,POINT (-58.3954939 -34.5889669)
1098,11087436706,N/A,cafe,POINT (-58.3738872 -34.5993781)
1099,11091768505,Hobby,cafe,POINT (-58.4469418 -34.5882009)
1100,11100240943,Merengue,cafe,POINT (-58.3777171 -34.608108)
1101,11106199045,Goya,cafe,POINT (-58.3792811 -34.6087414)
1102,11106199444,Havanna,cafe,POINT (-58.3764631 -34.6088597)
1103,11106201075,La Puerto Rico,cafe,POINT (-58.3723654 -34.6102655)
1104,11111844589,Adorado,cafe,POINT (-58.4265019 -34.5877717)
1105,11117307405,Casa Saenz,cafe,POINT (-58.4133482 -34.5807551)
1106,11117427105,Paru Deli,cafe,POINT (-58.4127842 -34.5791718)
1107,11118184925,Gota,cafe,POINT (-58.451847 -34.5570511)
1108,11119920603,Lattente,cafe,POINT (-58.409168 -34.5802072)
1109,11124057616,Tostado,cafe,POINT (-58.4104692 -34.5807046)
1110,11127475379,Portus Specialty Coffee,cafe,POINT (-58.424103 -34.5891726)
1111,11128894005,Villalobos,cafe,POINT (-58.4120165 -34.5808769)
1112,11131500547,Rita,cafe,POINT (-58.4683911 -34.5522498)
1113,11142776823,Nekofi,cafe,POINT (-58.4514476 -34.5572813)
1114,11146624246,Cafe Armenio,cafe,POINT (-58.4139538 -34.5875252)
1115,11157489105,Picaro,cafe,POINT (-58.4167169 -34.5906684)
1116,11157492905,Lepa,cafe,POINT (-58.4187638 -34.5890677)
1117,11166002161,Tostado Cafe Club,cafe,POINT (-58.5182293 -34.6534741)
1118,11166002170,Café Martínez,cafe,POINT (-58.523395 -34.6558843)
1119,11175215338,N/A,cafe,POINT (-58.3780528 -34.6021749)
1120,11177411139,La Palita,cafe,POINT (-58.41258 -34.5892525)
1121,11177427237,Camila,cafe,POINT (-58.4146566 -34.5913851)
1122,11179393937,NYC,cafe,POINT (-58.4240807 -34.5900109)
1123,11187147525,Café Divergente,cafe,POINT (-58.4312602 -34.5857578)
1124,11188253598,Punto de Partida,cafe,POINT (-58.4886768 -34.6026065)
1125,11205594837,Havana,cafe,POINT (-58.4068088 -34.5820777)
1126,11205594839,Totem,cafe,POINT (-58.4074093 -34.5818505)
1127,11228075971,Nemoral,cafe,POINT (-58.4509705 -34.5551652)
1128,11231343839,Coffee Street,cafe,POINT (-58.4232538 -34.5855519)
1129,11232455937,Arena café,cafe,POINT (-58.4382111 -34.5802654)
1130,11236474941,Nutra,cafe,POINT (-58.4064244 -34.5840758)
1131,11236475538,Mishiguene,cafe,POINT (-58.4063767 -34.5820267)
1132,11236561038,Nucha,cafe,POINT (-58.4083879 -34.5813932)
1133,11243712244,Molina,cafe,POINT (-58.5205239 -34.627264)
1134,11244326741,Arbol de Café,cafe,POINT (-58.5218438 -34.6228376)
1135,11245457374,MAGA,cafe,POINT (-58.5183253 -34.6199274)
1136,11245457375,Bonafide,cafe,POINT (-58.5179509 -34.6196191)
1137,11248496337,Bioma,cafe,POINT (-58.4354573 -34.5815689)
1138,11250962790,Alma Canella,cafe,POINT (-58.5214582 -34.6122856)
1139,11254168738,Travel Studio,cafe,POINT (-58.3744853 -34.5952667)
1140,11260044805,Jisu,cafe,POINT (-58.3643868 -34.5991065)
1141,11268365019,Bonafide,cafe,POINT (-58.4023982 -34.5941366)
1142,11269556270,N/A,cafe,POINT (-58.4074316 -34.5936492)
1143,11269561169,Delicias,cafe,POINT (-58.4104872 -34.5924254)
1144,11269939943,Toller kaffeë,cafe,POINT (-58.4027272 -34.5922356)
1145,11273417569,Le Pain Quotidien,cafe,POINT (-58.3610407 -34.62502)
1146,11277110869,Usina Cafetera,cafe,POINT (-58.4038171 -34.5912546)
1147,11278615072,Sam Jorge,cafe,POINT (-58.4996894 -34.587205)
1148,11293610970,Nucha,cafe,POINT (-58.4138738 -34.5887939)
1149,11293936969,La ventana,cafe,POINT (-58.4589856 -34.5739908)
1150,11296026470,Sasha,cafe,POINT (-58.3971823 -34.5929962)
1151,11296132269,N/A,cafe,POINT (-58.3835347 -34.6011976)
1152,11301098369,Porongo,cafe,POINT (-58.3850922 -34.5923404)
1153,11310324171,La Payuca,cafe,POINT (-58.4115829 -34.5866345)
1154,11310679569,La Editorial Bistró,cafe,POINT (-58.4361091 -34.5843803)
1155,11327763369,Doc.cafe,cafe,POINT (-58.4345447 -34.5984148)
1156,11328300299,Martinelli Café,cafe,POINT (-58.4436922 -34.6102973)
1157,11330206669,Croque Madame Vila Crespo,cafe,POINT (-58.4342481 -34.599517)
1158,11337033774,Vedra,cafe,POINT (-58.4598092 -34.5565543)
1159,11339163120,San Cayetano,cafe,POINT (-58.5150117 -34.6498202)
1160,11345574973,Barev,cafe,POINT (-58.4182519 -34.5876339)
1161,11358976369,Oli Café,cafe,POINT (-58.4391995 -34.5792483)
1162,11371567369,Green Eat,cafe,POINT (-58.3751043 -34.6067855)
1163,11374867037,pret a porter,cafe,POINT (-58.4225217 -34.5880116)
1164,11374906606,Lo de nico,cafe,POINT (-58.4916129 -34.7097044)
1165,11401472506,Whoopies,cafe,POINT (-58.4106118 -34.5876818)
1166,11406122292,Doxa,cafe,POINT (-58.4149645 -34.5793136)
1167,11413726369,Croque Madame Colégio Escribanos,cafe,POINT (-58.391756 -34.5914339)
1168,11414667953,Freddo,cafe,POINT (-58.3877922 -34.6042071)
1169,11415752274,Clorindo Café,cafe,POINT (-58.3856715 -34.593527)
1170,11417419430,Molly's,cafe,POINT (-58.4368751 -34.6219156)
1171,11417458271,Sócrates,cafe,POINT (-58.447115 -34.6276346)
1172,11417853669,Negro,cafe,POINT (-58.4318412 -34.5901203)
1173,11418095047,Lua Café,cafe,POINT (-58.3895861 -34.6018999)
1174,11425122569,Selena Café,cafe,POINT (-58.4111546 -34.5731986)
1175,11432304926,Tienda De Café,cafe,POINT (-58.4409341 -34.6209001)
1176,11432304931,The Coffee Store,cafe,POINT (-58.4505699 -34.6280312)
1177,11432304933,Nucha,cafe,POINT (-58.4418366 -34.6249875)
1178,11432357564,Havanna,cafe,POINT (-58.4374421 -34.6199371)
1179,11445318469,Amelia,cafe,POINT (-58.4355953 -34.6103484)
1180,11455702919,Café Sur,cafe,POINT (-58.451831 -34.5680273)
1181,11464578951,Café Martínez,cafe,POINT (-58.4622483 -34.6037117)
1182,11470550370,Hiro,cafe,POINT (-58.3766261 -34.6186396)
1183,11483811869,Amelia,cafe,POINT (-58.4357669 -34.6102418)
1184,11502346969,Sicilia,cafe,POINT (-58.4523954 -34.6031133)
1185,11506428569,Tintico,cafe,POINT (-58.4255151 -34.5840938)
1186,11509016870,Toust,cafe,POINT (-58.4742286 -34.5507926)
1187,11509016872,Café Martínez,cafe,POINT (-58.4817608 -34.5562817)
1188,11511542869,GITAN Café,cafe,POINT (-58.3800243 -34.5913584)
1189,11511611169,Las Flores,cafe,POINT (-58.4410211 -34.5822131)
1190,11525255569,Sadhana Garden,cafe,POINT (-58.4249969 -34.5857656)
1191,11525757185,N/A,cafe,POINT (-58.5205468 -34.6117327)
1192,11533450871,Amayta Pâtisserie,cafe,POINT (-58.3846916 -34.5927606)
1193,11541696969,Obra,cafe,POINT (-58.4958481 -34.572609)
1194,11547326670,Merienda,cafe,POINT (-58.4271922 -34.5840505)
1195,11547329769,Auslander,cafe,POINT (-58.4278284 -34.5829425)
1196,11547334769,Piccolina,cafe,POINT (-58.4276982 -34.5827959)
1197,11547334969,Katsu,cafe,POINT (-58.4274884 -34.5825655)
1198,11554109869,Nila,cafe,POINT (-58.4341623 -34.5804573)
1199,11554770369,Kopi,cafe,POINT (-58.4097407 -34.5809142)
1200,11581905449,Aurelia,cafe,POINT (-58.5256888 -34.5923171)
1201,11584546469,Crisol,cafe,POINT (-58.3876249 -34.5929043)
1202,11584546470,El Correo,cafe,POINT (-58.3894026 -34.5919957)
1203,11584546869,Philo,cafe,POINT (-58.3890728 -34.5922733)
1204,11584548169,Le Maulin de la Fleur,cafe,POINT (-58.3897305 -34.5916869)
1205,11593148069,Yenny café/libros,cafe,POINT (-58.4260588 -34.5859544)
1206,11598488171,N/A,cafe,POINT (-58.4178579 -34.5810081)
1207,11608544955,Manifiesto por el Café,cafe,POINT (-58.445444 -34.5671019)
1208,11635315600,Don Blanco,cafe,POINT (-58.4460352 -34.5678481)
1209,11651494241,La Panera Rosa,cafe,POINT (-58.4508838 -34.5552892)
1210,11683832932,Dolce Danito,cafe,POINT (-58.4827383 -34.5679902)
1211,11685106869,Seattle,cafe,POINT (-58.425632 -34.5817151)
1212,11694981257,C y M Llibros,cafe,POINT (-58.3931891 -34.5989768)
1213,11695208569,Ifigenia Café Literario,cafe,POINT (-58.4710076 -34.6100486)
1214,11716934388,Bagels & Bagels,cafe,POINT (-58.3788557 -34.5975303)
1215,11721543052,Vickin,cafe,POINT (-58.375358 -34.59153)
1216,11721707837,Toki,cafe,POINT (-58.3761884 -34.5963924)
1217,11742231158,Seventys,cafe,POINT (-58.5214507 -34.6277094)
1218,11746922323,Havanna,cafe,POINT (-58.369086 -34.6006803)
1219,11752980020,BUNA Cafe de Especialidad,cafe,POINT (-58.4636744 -34.5465981)
1220,11753762269,Biblos,cafe,POINT (-58.4077088 -34.5793845)
1221,11753765569,La Stampa,cafe,POINT (-58.4074725 -34.5799192)
1222,11757076376,McCafé,cafe,POINT (-58.4884214 -34.546527)
1223,11757076380,Havanna,cafe,POINT (-58.4884831 -34.5464895)
1224,11761671719,SM Patiserie,cafe,POINT (-58.5094787 -34.7019726)
1225,11769732666,Kopi,cafe,POINT (-58.4552592 -34.5499885)
1226,11776433901,Tostado,cafe,POINT (-58.4108654 -34.6032525)
1227,11776439381,Havanna,cafe,POINT (-58.410744 -34.6032526)
1228,11776440127,Havanna,cafe,POINT (-58.4107871 -34.6037441)
1229,11787809795,Simonetta,cafe,POINT (-58.4002769 -34.5903801)
1230,11789599671,Mosquito,cafe,POINT (-58.4230856 -34.5874739)
1231,11800068769,Del turista,cafe,POINT (-58.4359332 -34.565339)
1232,11805981669,Le Molin de la Fleur,cafe,POINT (-58.3897417 -34.5917243)
1233,11807685526,N/A,cafe,POINT (-58.4071553 -34.6082689)
1234,11809794413,Le Chic,cafe,POINT (-58.4066953 -34.6083018)
1235,11817352445,Tostado,cafe,POINT (-58.4879466 -34.5457487)
1236,11823192587,Dorina,cafe,POINT (-58.4411894 -34.574843)
1237,11823213587,Cafecito,cafe,POINT (-58.4427767 -34.5724792)
1238,11828978634,Nica,cafe,POINT (-58.373443 -34.6119548)
1239,11833337942,Lions Bar Cafe,cafe,POINT (-58.4244538 -34.6593619)
1240,11836236499,Lobo Cafe,cafe,POINT (-58.4132538 -34.5805678)
1241,11860555769,Borja,cafe,POINT (-58.4000285 -34.5918826)
1242,11860555969,La Voluntad,cafe,POINT (-58.3989094 -34.5925536)
1243,11863112684,Import Coffee Co.,cafe,POINT (-58.487687 -34.5460995)
1244,11873624700,Havanna,cafe,POINT (-58.4166308 -34.6221917)
1245,11873625122,Café Margot,cafe,POINT (-58.4164714 -34.623331)
1246,11873736324,PANE,cafe,POINT (-58.4179919 -34.6226559)
1247,11874958169,Riche,cafe,POINT (-58.3969845 -34.5931425)
1248,11877927352,Osa Negra,cafe,POINT (-58.4613361 -34.5519858)
1249,11877953097,Ladobueno,cafe,POINT (-58.463324 -34.55303)
1250,11878015329,Barú,cafe,POINT (-58.4596545 -34.5535397)
1251,11884668683,Harper Juice,cafe,POINT (-58.4006716 -34.5904273)
1252,11895267030,Culto,cafe,POINT (-58.3781231 -34.6001536)
1253,11895495669,Petit green,cafe,POINT (-58.4052839 -34.5771989)
1254,11895506569,BFresh,cafe,POINT (-58.4090104 -34.5802511)
1255,11897542408,N/A,cafe,POINT (-58.4083177 -34.5913047)
1256,11905025904,Cafetería del Patio Central,cafe,POINT (-58.4437445 -34.5410296)
1257,11905698887,Dante en Verona,cafe,POINT (-58.4036879 -34.583255)
1258,11910684669,Crecia,cafe,POINT (-58.3983978 -34.5925487)
1259,11915936955,Starbucks,cafe,POINT (-58.4560762 -34.5619291)
1260,11929554155,Olinda,cafe,POINT (-58.4447801 -34.6082026)
1261,11947859713,Café Registrado,cafe,POINT (-58.4310481 -34.6256712)
1262,11947924873,I AM BARISTA,cafe,POINT (-58.4431285 -34.626905)
1263,11950845969,Moire,cafe,POINT (-58.4023012 -34.5907459)
1264,11950916249,Sueña,cafe,POINT (-58.4642224 -34.604398)
1265,11950920879,The Coffee Store,cafe,POINT (-58.4640403 -34.6043047)
1266,11950923792,Café de los Patriotas,cafe,POINT (-58.4607674 -34.6011919)
1267,11950927706,Liz Cafe,cafe,POINT (-58.4607403 -34.6010392)
1268,11961026594,Moliere,cafe,POINT (-58.3783215 -34.5972238)
1269,11974070369,Kellers,cafe,POINT (-58.402793 -34.5889555)
1270,11974087071,Kopi,cafe,POINT (-58.4026419 -34.5871018)
1271,11974091271,Prida,cafe,POINT (-58.4000757 -34.5877167)
1272,11988278869,Martina,cafe,POINT (-58.4045052 -34.5898347)
1273,11992547650,Molina,cafe,POINT (-58.4431315 -34.6314286)
1274,11992547651,Podio,cafe,POINT (-58.4438604 -34.6314414)
1275,11992547654,Polvorín,cafe,POINT (-58.4439353 -34.6305593)
1276,11999253717,Coffelovers Roasters,cafe,POINT (-58.454713 -34.6236026)
1277,12001600559,Porta,cafe,POINT (-58.3947789 -34.5977822)
1278,12004373045,Luna Cafe,cafe,POINT (-58.4269041 -34.594796)
1279,12012856898,Alsina,cafe,POINT (-58.3904708 -34.611484)
1280,12047467013,Pick & Go Café,cafe,POINT (-58.373753 -34.6095398)
1281,12050246108,Debra,cafe,POINT (-58.3845204 -34.5943681)
1282,12058115286,Café Martínez,cafe,POINT (-58.4286579 -34.5827218)
1283,12066586469,Mooi,cafe,POINT (-58.4213411 -34.5701698)
1284,12070071470,Nucha,cafe,POINT (-58.4041777 -34.5924002)
1285,12070150969,N/A,cafe,POINT (-58.4217437 -34.5867077)
1286,12070171669,Anitta,cafe,POINT (-58.4175054 -34.5897446)
1287,12070187269,Maga,cafe,POINT (-58.4121949 -34.5938187)
1288,12070193869,Kismet,cafe,POINT (-58.4105522 -34.5922012)
1289,12084232247,Cafeto,cafe,POINT (-58.4524434 -34.5878163)
1290,12092022769,Robledo,cafe,POINT (-58.4767276 -34.5443868)
1291,12095439442,Selema,cafe,POINT (-58.3829146 -34.5956295)
1292,12095462788,Jussto,cafe,POINT (-58.3811115 -34.5986645)
1293,12095475305,Studio Cat Café,cafe,POINT (-58.3828927 -34.5959723)
1294,12097637281,Al Bacio,cafe,POINT (-58.4245809 -34.5944381)
1295,12099670047,Maratona Café Club,cafe,POINT (-58.4400914 -34.6046835)
1296,12099836038,Juan Valdéz Café,cafe,POINT (-58.3998844 -34.5848542)
1297,12104447301,Lattente,cafe,POINT (-58.3993285 -34.5935143)
1298,12104500694,Hands & Coffee,cafe,POINT (-58.4423674 -34.5671053)
1299,12107036030,Moksha café & vermú,cafe,POINT (-58.4406474 -34.6033801)
1300,12113227401,Bacara,cafe,POINT (-58.3937526 -34.5856405)
1301,12132145235,Rosie,cafe,POINT (-58.4786386 -34.5467926)
1302,12132820302,Café del Ciclista,cafe,POINT (-58.452616 -34.5864275)
1303,12142730001,Tentazioni,cafe,POINT (-58.3958095 -34.5934631)
1304,12142913602,Bagels&Bagels,cafe,POINT (-58.3971878 -34.5990151)
1305,12142947001,Gout,cafe,POINT (-58.3972895 -34.5929831)
1306,12145268027,Copy Club,cafe,POINT (-58.4347221 -34.5688846)
1307,12150455001,Buo,cafe,POINT (-58.4317987 -34.5786405)
1308,12150496002,Endisney Coffee,cafe,POINT (-58.4329271 -34.5810893)
1309,12151512301,La Negra Cata,cafe,POINT (-58.5137279 -34.6333636)
1310,12155808901,Giuseppe Vicenti,cafe,POINT (-58.3984281 -34.5943152)
1311,12155958901,Ambar,cafe,POINT (-58.406776 -34.5904869)
1312,12156279603,Tonico,cafe,POINT (-58.3944945 -34.5950823)
1313,12156283101,Kopi,cafe,POINT (-58.3941639 -34.5935328)
1314,12156355001,Delicias,cafe,POINT (-58.3944682 -34.5949435)
1315,12168462001,Tarzan,cafe,POINT (-58.3956605 -34.6020608)
1316,12168462101,Graziano,cafe,POINT (-58.395651 -34.6022661)
1317,12168475501,Ohana,cafe,POINT (-58.397167 -34.6020805)
1318,12168475504,MARAL,cafe,POINT (-58.3986419 -34.6021346)
1319,12168494701,Zman,cafe,POINT (-58.4033438 -34.6008873)
1320,12169205902,Rivero,cafe,POINT (-58.4029397 -34.5965197)
1321,12175483801,Pain de Jour Gluten Free,cafe,POINT (-58.452201 -34.5607763)
1322,12176804801,Le Ble,cafe,POINT (-58.4797305 -34.6231343)
1323,12177356901,N/A,cafe,POINT (-58.4009443 -34.5945174)
1324,12181329384,Piani,cafe,POINT (-58.4321129 -34.5729395)
1325,12185275930,Magnolias,cafe,POINT (-58.4011865 -34.5953201)
1326,12185275931,Pulso,cafe,POINT (-58.4552058 -34.5569969)
1327,12187397373,Brera,cafe,POINT (-58.4027739 -34.5965925)
1328,12196155265,Bandol,cafe,POINT (-58.456467 -34.559159)
1329,12198313666,Toro Café,cafe,POINT (-58.4019678 -34.5971098)
1330,12198374818,Havanna,cafe,POINT (-58.4517639 -34.5666398)
1331,12200101702,Sweety,cafe,POINT (-58.4007222 -34.588498)
1332,12202156503,Warren,cafe,POINT (-58.403913 -34.5894174)
1333,12202158703,Bicho,cafe,POINT (-58.4025604 -34.5883971)
1334,12203236025,Havanna,cafe,POINT (-58.5180731 -34.6095233)
1335,12203240875,Cigaló,cafe,POINT (-58.4591504 -34.5758599)
1336,12203277910,Calmo,cafe,POINT (-58.4674663 -34.5771862)
1337,12205947201,Owl,cafe,POINT (-58.391753 -34.5939535)
1338,12207845955,N/A,cafe,POINT (-58.529329 -34.6049123)
1339,12208371578,Nica,cafe,POINT (-58.3730812 -34.6188467)
1340,12214844650,Molina,cafe,POINT (-58.5035503 -34.6144482)
1341,12214870186,The Coffee Store,cafe,POINT (-58.476069 -34.5705501)
1342,12227045501,Enitma,cafe,POINT (-58.4536771 -34.562996)
1343,12228446701,Sid cafe,cafe,POINT (-58.4054367 -34.5886367)
1344,12228682797,Jay's,cafe,POINT (-58.4030864 -34.5919895)
1345,12229906301,Aromas,cafe,POINT (-58.4015399 -34.5875919)
1346,12229927102,La Argentina,cafe,POINT (-58.4074652 -34.5889972)
1347,12229927201,Fea,cafe,POINT (-58.4041543 -34.5893686)
1348,12245140501,Ludlow Coffee House,cafe,POINT (-58.4303612 -34.579147)
1349,12247206501,Asgard Cafe,cafe,POINT (-58.4548588 -34.5606477)
1350,12249342902,Bronx Coffee Bar,cafe,POINT (-58.4722858 -34.6135471)
1351,12256297042,Galia,cafe,POINT (-58.4062842 -34.5943368)
1352,12269829301,Barine,cafe,POINT (-58.4065506 -34.5865069)
1353,12269829401,Bonafide,cafe,POINT (-58.4066634 -34.5861749)
1354,12269927801,Nucha,cafe,POINT (-58.4064247 -34.5866268)
1355,12269938102,Romo,cafe,POINT (-58.4043338 -34.5877965)
1356,12273581345,Chantilly,cafe,POINT (-58.4517265 -34.5626822)
1357,12277864840,Mary y Grace,cafe,POINT (-58.401869 -34.5967823)
1358,12280751030,Müsa,cafe,POINT (-58.4585612 -34.5459725)
1359,12280770781,White Coffee,cafe,POINT (-58.4603011 -34.5451207)
1360,12301858247,Tanti,cafe,POINT (-58.4518721 -34.5667613)
1361,12307334402,Starbucks,cafe,POINT (-58.391691 -34.591748)
1362,12314554464,Josefa,cafe,POINT (-58.4664816 -34.6312503)
1363,12320917601,Limbo,cafe,POINT (-58.4007842 -34.5862448)
1364,12320917702,Vuka,cafe,POINT (-58.4002509 -34.5866448)
1365,12325688503,Onno,cafe,POINT (-58.4326449 -34.6034429)
1366,12327879101,Furia,cafe,POINT (-58.4388219 -34.6063851)
1367,12337669501,N/A,cafe,POINT (-58.4013183 -34.5913684)
1368,12344535803,Lorenzo,cafe,POINT (-58.4332159 -34.6027162)
1369,12344643701,Giusseppe Vicenti,cafe,POINT (-58.4338562 -34.602826)
1370,12344808302,Terranova,cafe,POINT (-58.4360175 -34.6006862)
1371,12344904901,Divino,cafe,POINT (-58.4046986 -34.5877659)
1372,12352455001,Tilo,cafe,POINT (-58.4074409 -34.5873623)
1373,12366190113,Clout,cafe,POINT (-58.4293298 -34.5807591)
1374,12366193201,Quilla Cafe,cafe,POINT (-58.4355079 -34.5976927)
1375,12368710206,Orso Cafe,cafe,POINT (-58.4260245 -34.5832432)
1376,12373717802,Tunel Cafe,cafe,POINT (-58.4580839 -34.6040094)
1377,12374065196,Monet,cafe,POINT (-58.3996005 -34.5891581)
1378,12376253001,Viejo Alsina Bodegón,cafe,POINT (-58.3776033 -34.6104612)
1379,12377193733,Cover Café,cafe,POINT (-58.4260822 -34.5859155)
1380,12380075401,N/A,cafe,POINT (-58.3740387 -34.6266394)
1381,12384654660,Havanna,cafe,POINT (-58.3901719 -34.6137479)
1382,12386736123,N/A,cafe,POINT (-58.4353533 -34.5800382)
1383,12386736127,Cinna,cafe,POINT (-58.43583 -34.5802404)
1384,12386898402,Craft Vegan Bakery,cafe,POINT (-58.4386171 -34.5846036)
1385,12387086701,Elocuente Cafe y Libros,cafe,POINT (-58.4384139 -34.584427)
1386,12387263404,Dulce Chatlotte,cafe,POINT (-58.4355246 -34.5818656)
1387,12387263408,Paraiso,cafe,POINT (-58.4387941 -34.5845538)
1388,12387264901,Moksha,cafe,POINT (-58.4340169 -34.582022)
1389,12387337832,Sienmesage,cafe,POINT (-58.4222923 -34.5848041)
1390,12387448201,Il Doble Far Niente,cafe,POINT (-58.437182 -34.5848501)
1391,12387466601,Buro Arbol,cafe,POINT (-58.4391678 -34.5850192)
1392,12387466602,Boiro,cafe,POINT (-58.4345257 -34.600841)
1393,12398033301,Dopo Café y Vino,cafe,POINT (-58.4322246 -34.5900046)
1394,12401044850,Havanna,cafe,POINT (-58.4942984 -34.6018719)
1395,12401044900,El Café de la Abuela,cafe,POINT (-58.4944818 -34.6016877)
1396,12401173175,Bonafide,cafe,POINT (-58.5064724 -34.573989)
1397,12415266201,Buró Árbol,cafe,POINT (-58.4403826 -34.5860301)
1398,12431735301,HIT,cafe,POINT (-58.4334208 -34.5694094)
1399,12434400820,Coffee Bar Rosa,cafe,POINT (-58.4909031 -34.5735904)
1400,12454349186,Organ&co,cafe,POINT (-58.4788785 -34.5903516)
1401,12457315402,Cofi & Window,cafe,POINT (-58.4344997 -34.575595)
1402,12459804437,Juan Valdez Café,cafe,POINT (-58.4685012 -34.5481088)
1403,12459865653,Mojo,cafe,POINT (-58.4561399 -34.5672932)
1404,12465318301,Oss,cafe,POINT (-58.3935235 -34.5921069)
1405,12471929201,Import Coffee Co.,cafe,POINT (-58.3844395 -34.5950863)
1406,12472779172,Cupan,cafe,POINT (-58.4644067 -34.550117)
1407,12472858945,Import Coffee Co,cafe,POINT (-58.3781899 -34.6036529)
1408,12479214301,Zavalia,cafe,POINT (-58.3726163 -34.6246131)
1409,12498759803,Esquina Cortes,cafe,POINT (-58.4061784 -34.5812838)
1410,12498772701,The coffee store,cafe,POINT (-58.4063302 -34.581035)
1411,12505473599,Calma Chica,cafe,POINT (-58.4174727 -34.5988529)
1412,12505473749,Full City Coffeehouse,cafe,POINT (-58.4245041 -34.5973081)
1413,12505486139,Dopo Cafe,cafe,POINT (-58.4323188 -34.5900062)
1414,12529811379,Ghirardelli Café | Café de Especialidad,cafe,POINT (-58.4563174 -34.6032589)
1415,12531635340,Llama Coffee Roasters,cafe,POINT (-58.3651951 -34.5980471)
1416,12531652563,Café Botanico,cafe,POINT (-58.4228713 -34.5950927)
1417,12531658070,tealosophy,cafe,POINT (-58.4296767 -34.5901368)
1418,12537648166,Soho Club,cafe,POINT (-58.4499429 -34.5560404)
1419,12544905046,Martinelli,cafe,POINT (-58.4251856 -34.5896094)
1420,12545594895,Dafne,cafe,POINT (-58.4237035 -34.5990209)
1421,12585450902,Valence,cafe,POINT (-58.3648749 -34.6633342)
1422,12588344576,Barro Café,cafe,POINT (-58.460743 -34.5688312)
1423,12624265282,Club Café,cafe,POINT (-58.3803961 -34.6109101)
1424,12630497202,Viva la Arepa,cafe,POINT (-58.4022241 -34.5879498)
1425,12645230801,La Panera Rosa,cafe,POINT (-58.4534214 -34.5626373)
1426,12650536701,Dulce Hora,cafe,POINT (-58.4043656 -34.5954208)
1427,12650536901,Monti,cafe,POINT (-58.4036456 -34.5926363)
1428,12654196002,Todo Tartas,cafe,POINT (-58.3976601 -34.5936755)
1429,12695685001,Cinna,cafe,POINT (-58.4284573 -34.582447)
1430,12700877302,La Brochette,cafe,POINT (-58.4048856 -34.5947891)
1431,12706376107,Full,cafe,POINT (-58.4794421 -34.5643065)
1432,12708667481,Cafe Dellape,cafe,POINT (-58.4910909 -34.5417052)
1433,12714550505,Bonafide,cafe,POINT (-58.4611431 -34.6039758)
1434,12732198390,Il vero Oriente,cafe,POINT (-58.46633 -34.5314512)
1435,12745935514,Rómulo,cafe,POINT (-58.4753963 -34.5644821)
1436,12749181696,Latter,cafe,POINT (-58.4632977 -34.5748173)
1437,12749907601,Gustó Café,cafe,POINT (-58.4247539 -34.5810868)
1438,12779833337,Moratín,cafe,POINT (-58.4653779 -34.5613975)
1439,12779835720,La Casa de Maga,cafe,POINT (-58.4699816 -34.5644077)
1440,12841080410,Martínez,cafe,POINT (-58.3766754 -34.601039)
1441,12844753804,Kersen,cafe,POINT (-58.4020133 -34.5910523)
1442,12854638921,Café Registrado,cafe,POINT (-58.4701717 -34.5460581)
1443,12860223569,Café Bar Oriente,cafe,POINT (-58.4659372 -34.5791507)
1444,12860257274,The Marine Bar,cafe,POINT (-58.3408518 -34.6551234)
1445,12861034739,Panera Rosa Corrientes,cafe,POINT (-58.3765671 -34.603191)
1446,12861485866,Via 71,cafe,POINT (-58.3922678 -34.600719)
1447,12869909912,Cafeteria Pabellón 2,cafe,POINT (-58.4401624 -34.5441298)
1448,12880943453,Betular,cafe,POINT (-58.5120575 -34.6012862)
1449,12884645952,Black Clover,cafe,POINT (-58.4376321 -34.6141918)
1450,12885375294,Mamly,cafe,POINT (-58.4528399 -34.5564945)
1451,12885405047,Krop,cafe,POINT (-58.4532407 -34.5562578)
1452,12888992799,Jimena Fuster,cafe,POINT (-58.4557842 -34.558541)
1453,12892409835,Tostado,cafe,POINT (-58.4171587 -34.5979901)
1454,12921812701,Havanna,cafe,POINT (-58.4392655 -34.6054266)
1455,12958037575,Fiorentina,cafe,POINT (-58.4481694 -34.5759944)
1456,12958040552,Café Martínez,cafe,POINT (-58.465482 -34.6294324)
1457,12958116776,Amancio,cafe,POINT (-58.4795919 -34.6134592)
1458,12958121791,Tienda de Café,cafe,POINT (-58.4789596 -34.6142636)
1459,12978106865,Gaudi,cafe,POINT (-58.3782517 -34.6014998)
1460,12978153883,Altitud,cafe,POINT (-58.3787588 -34.6013449)
1461,12978180096,Ginko,cafe,POINT (-58.3780973 -34.6014426)
1462,12978182055,Cic,cafe,POINT (-58.3800081 -34.6037367)
1463,12978182124,Sherman's Coffe,cafe,POINT (-58.3780963 -34.6014931)
1464,12995190953,Café Sur,cafe,POINT (-58.4497955 -34.578302)
1465,13011933101,Mandi Cafe,cafe,POINT (-58.4461963 -34.5875396)
1466,13018026701,Costanzo,cafe,POINT (-58.3981401 -34.5917459)
1467,13073280101,Nerea,cafe,POINT (-58.4379433 -34.5840065)
1468,13075941907,Rita,cafe,POINT (-58.4376232 -34.5767786)
1469,13076530601,Fraterno,cafe,POINT (-58.4308506 -34.596014)
1470,13076534601,Fraterno,cafe,POINT (-58.4308506 -34.596014)
1471,13076662884,Kaido,cafe,POINT (-58.4498517 -34.6073752)
1472,13076787701,CL,cafe,POINT (-58.4307477 -34.5956048)
1473,13102930642,Tostado,cafe,POINT (-58.4318681 -34.6019413)
1474,13140261485,Trippin,cafe,POINT (-58.3770457 -34.5969202)
1475,13140277959,Rediscover Cafe,cafe,POINT (-58.377044 -34.5969757)
1476,13145774402,Canillita,cafe,POINT (-58.3974545 -34.5982508)
1477,13145788201,Junin,cafe,POINT (-58.3974595 -34.5971204)
1478,13148284772,Havanna,cafe,POINT (-58.485671 -34.5740746)
1479,13152362801,Brusco café & Bar,cafe,POINT (-58.4382996 -34.5750632)
1480,13153975507,Veintidós,cafe,POINT (-58.4537479 -34.5659139)
1481,13155871101,Havanna,cafe,POINT (-58.4712705 -34.5462191)
1482,13156785801,Kopi Cafe,cafe,POINT (-58.4739715 -34.5433624)
1483,13168170866,Rita,cafe,POINT (-58.464107 -34.542194)
1484,13171788301,Lab Sucre,cafe,POINT (-58.4583251 -34.622139)
1485,13241216301,Mamushka,cafe,POINT (-58.426602 -34.5911799)
1486,13243413801,Magari,cafe,POINT (-58.3709238 -34.6277105)
1487,13243699301,Atalaya,cafe,POINT (-58.3741173 -34.59846)
1488,13243708601,Shell Select,cafe,POINT (-58.3997253 -34.579675)
1489,13243950701,La Fonte De Oro,cafe,POINT (-58.3826271 -34.5989824)
1490,13244056001,Shell Select,cafe,POINT (-58.3817563 -34.6180056)
1491,13254409701,Klawer,cafe,POINT (-58.4056699 -34.5883938)
1492,13254409702,Zion,cafe,POINT (-58.4077265 -34.5869073)
1493,13254559301,Salad,cafe,POINT (-58.4064639 -34.5818433)
1494,13254940624,Gorrión,cafe,POINT (-58.4510262 -34.5674072)
1495,13270618101,Hobby,cafe,POINT (-58.4297123 -34.5927108)
1496,13276454101,Arista,cafe,POINT (-58.4325311 -34.5674572)
1497,13305351741,Babalú,cafe,POINT (-58.3730908 -34.5974132)
1498,13314477501,Literal,cafe,POINT (-58.4253537 -34.5827272)
1499,13335086666,Sweet,cafe,POINT (-58.5026378 -34.6000038)
1500,13336190901,Delirante,cafe,POINT (-58.3781051 -34.6013896)
1501,13337479859,Arte Express,cafe,POINT (-58.4902623 -34.5974089)
1502,13346720674,El Patiecito,cafe,POINT (-58.4746701 -34.5498404)
1503,13352125163,Trois,cafe,POINT (-58.4646477 -34.5427339)
1504,13388592509,Room,cafe,POINT (-58.4690338 -34.5368391)
1505,13389686958,Cruce,cafe,POINT (-58.4577707 -34.5703688)
1506,13389895960,Ambar,cafe,POINT (-58.4331906 -34.5727168)
1507,13398325101,Dorina Café Donado,cafe,POINT (-58.4709608 -34.577456)
1508,13398335701,Berry Cafe,cafe,POINT (-58.4709188 -34.5775119)
1509,13409890058,Tienda de Café,cafe,POINT (-58.4487972 -34.5771831)
1510,13438729201,La Noire,cafe,POINT (-58.4489969 -34.5851903)
1511,13438729402,Jungla,cafe,POINT (-58.4481542 -34.587817)
1512,13438729503,Expresso Oriental,cafe,POINT (-58.4477226 -34.5868976)
1513,13440422140,Caffe Truffa Reconquista,cafe,POINT (-58.3726777 -34.6006434)
1514,13440724802,Silvestre,cafe,POINT (-58.4490959 -34.5839999)
1515,13447024001,Utopía,cafe,POINT (-58.389568 -34.6005209)
1516,13484052291,Franco Specialty Coffee,cafe,POINT (-58.3871332 -34.6089937)
1517,13484052292,Nica,cafe,POINT (-58.3721554 -34.6100683)
1518,13484949901,Pampa,cafe,POINT (-58.4409638 -34.5568798)
1519,13496037401,Mendrugo,cafe,POINT (-58.4861796 -34.6307924)
1520,13517938501,Modular,cafe,POINT (-58.3758318 -34.6196593)
1521,13525270789,Douro,cafe,POINT (-58.4562472 -34.6274184)
1522,13525271424,Havanna,cafe,POINT (-58.4553394 -34.6259291)
1523,13525285273,Dimola,cafe,POINT (-58.4829714 -34.6291892)
1524,13525296747,Alma Canella,cafe,POINT (-58.5116314 -34.5983966)
1525,13525298755,Tienda de Café,cafe,POINT (-58.4313486 -34.5705838)
1526,13525306310,Casa Bogotá,cafe,POINT (-58.4830697 -34.6306023)
1527,13541910101,Roster,cafe,POINT (-58.403866 -34.5943252)
1528,13580192134,Kudzu Cafe,cafe,POINT (-58.3858172 -34.5939711)
1529,13587000701,Roster,cafe,POINT (-58.3976545 -34.590555)
1530,13587000702,Barine,cafe,POINT (-58.4035626 -34.5902979)
1531,13589510801,Barine,cafe,POINT (-58.424909 -34.5870813)
1532,13591224602,Kopi,cafe,POINT (-58.4154429 -34.5832338)
1533,13591697301,La Panera Rosa,cafe,POINT (-58.3858644 -34.6094942)
1534,13594343046,Bonafide,cafe,POINT (-58.4513637 -34.5587359)
1535,13596003537,Starbucks,cafe,POINT (-58.3905779 -34.5829934)
1536,13603285601,N/A,cafe,POINT (-58.4010281 -34.5936868)
1537,13603290102,Buga,cafe,POINT (-58.4078805 -34.597267)
1538,13603290602,Doppio,cafe,POINT (-58.4067973 -34.5952078)
1539,13604556201,Pil pil,cafe,POINT (-58.486741 -34.5700535)
1540,13606900760,Bonafide,cafe,POINT (-58.4157035 -34.5851296)
1541,13606907908,Bonafide,cafe,POINT (-58.4322692 -34.6085903)
1542,13606915525,Tu Espacio,cafe,POINT (-58.4394249 -34.6147648)
1543,13606915526,Dolino,cafe,POINT (-58.4413417 -34.6168791)
1544,13616050202,Lady Brava,cafe,POINT (-58.4527418 -34.5858797)
1545,13623989802,Casa Pina,cafe,POINT (-58.4253402 -34.5819353)
1546,13625735501,Pochi Cafe,cafe,POINT (-58.4221544 -34.5816115)
1547,13634261301,U gabu,cafe,POINT (-58.3900833 -34.5947493)
1548,13634266404,Prima,cafe,POINT (-58.3917483 -34.594887)
1549,13634268201,Prima,cafe,POINT (-58.3917483 -34.594887)
1550,13640094601,Café Martínez,cafe,POINT (-58.4271426 -34.602598)
1551,13648796901,Planta Baja Café,cafe,POINT (-58.3963658 -34.5896563)
1552,13654674145,Martinez,cafe,POINT (-58.4289812 -34.5775362)
1553,13661404401,Café Quintana 460,cafe,POINT (-58.3894825 -34.58875)
1554,13661404501,Lunette,cafe,POINT (-58.397908 -34.5903643)
1555,13665799101,Toledo Coffee House,cafe,POINT (-58.3949926 -34.5909533)
1556,13669827401,Café Nómada,cafe,POINT (-58.3822094 -34.6059329)
1557,13675212734,Mondra,cafe,POINT (-58.4442696 -34.5612647)
1558,13676628401,Tienda de Cafe,cafe,POINT (-58.3949625 -34.5925431)
1559,13676664102,Donat Makers,cafe,POINT (-58.3943451 -34.592058)
1560,13676664301,Palacio Basavilbaso,cafe,POINT (-58.394034 -34.5917692)
1561,13682452101,Planta Baja,cafe,POINT (-58.3963864 -34.5896067)
1562,13685498464,Lolo's,cafe,POINT (-58.4414375 -34.6084037)
1563,13685518987,Otero,cafe,POINT (-58.4427763 -34.606726)
1564,13697266243,Havanna,cafe,POINT (-58.4828875 -34.6092886)
1565,13697275967,Juan Valdés Café,cafe,POINT (-58.4831712 -34.5747505)
1566,13722266009,Flat&white,cafe,POINT (-58.4504979 -34.5537514)
1567,13723535504,TILO,cafe,POINT (-58.4004184 -34.5865425)
1568,13741599202,Nena,cafe,POINT (-58.451622 -34.5792777)
1569,13749483001,Maga,cafe,POINT (-58.4045308 -34.5961794)
